humidity,weather,holiday,season,temperature,hour,dayofweek,month,year,predicted_count
0.39,2,0,2,0.7,15,6,5,2012,555.0
0.27,1,0,2,0.48,1,3,4,2012,31.0
0.41,1,0,2,0.84,11,2,6,2011,120.0
0.38,1,0,2,0.44,10,4,4,2012,243.0
0.89,3,0,2,0.66,15,1,6,2012,141.0
0.43,1,0,3,0.6,11,2,9,2012,239.0
0.61,1,1,2,0.7,9,0,5,2012,231.0
0.62,1,0,2,0.74,9,5,6,2011,229.0
0.7,3,1,1,0.26,23,0,1,2012,35.0
0.65,3,0,3,0.66,10,5,9,2011,210.0
0.77,1,0,4,0.44,8,1,10,2011,399.0
0.8,1,0,1,0.22,4,0,2,2012,5.0
0.94,2,0,2,0.5,9,3,3,2012,274.0
0.6,2,0,1,0.26,19,0,12,2012,139.0
0.7,1,0,3,0.74,17,3,9,2012,772.0
0.51,1,0,2,0.74,13,1,4,2011,157.0
0.73,3,0,4,0.56,10,1,11,2011,104.0
0.61,1,1,3,0.7,8,2,7,2012,523.0
0.76,1,0,1,0.32,2,6,1,2012,50.0
0.45,1,0,2,0.3,11,4,3,2011,98.0
0.41,1,0,2,0.46,0,3,4,2011,36.0
0.56,2,0,1,0.26,12,1,1,2011,76.0
0.82,1,0,2,0.46,22,6,3,2012,120.0
0.59,1,0,3,0.82,10,0,7,2011,107.0
0.37,2,0,2,0.72,17,5,6,2012,584.0
0.33,1,0,4,0.46,14,2,11,2012,311.0
0.4,1,0,3,0.74,13,5,6,2011,419.0
0.75,2,0,4,0.3,6,5,11,2011,12.0
0.77,2,0,4,0.42,9,2,10,2012,394.0
0.52,1,0,1,0.24,21,1,2,2011,68.0
0.53,1,0,2,0.58,10,6,4,2012,420.0
0.38,1,0,2,0.64,14,2,6,2012,292.0
0.61,1,0,1,0.3,2,2,2,2012,5.0
0.53,2,0,2,0.62,15,0,5,2012,258.0
0.5,1,0,1,0.4,23,6,3,2012,58.0
0.94,1,0,1,0.44,5,0,3,2012,21.0
0.83,1,0,2,0.62,0,4,5,2012,78.0
0.81,2,0,4,0.36,5,2,10,2012,36.0
0.52,1,0,4,0.3,20,2,12,2012,254.0
0.5,1,0,1,0.14,6,5,1,2012,8.0
0.59,2,0,4,0.5,23,6,9,2012,102.0
0.67,1,0,4,0.48,19,1,12,2012,456.0
0.83,1,0,2,0.58,6,5,5,2011,20.0
0.42,1,0,4,0.72,12,4,10,2012,422.0
0.94,2,1,2,0.64,7,0,5,2011,49.0
0.89,2,0,3,0.64,6,3,7,2011,110.0
0.37,1,0,1,0.56,16,2,3,2012,323.0
0.28,1,0,3,0.72,18,1,6,2012,848.0
0.4,1,0,2,0.36,10,4,4,2012,203.0
0.83,1,1,4,0.52,8,0,10,2011,312.0
0.79,2,0,4,0.68,12,2,9,2011,166.0
0.69,1,0,3,0.68,2,3,8,2011,13.0
0.45,2,0,2,0.54,22,0,5,2012,154.0
0.88,3,0,2,0.5,6,4,5,2011,82.0
0.39,1,0,3,0.68,13,6,9,2012,670.0
0.76,1,0,4,0.34,7,1,11,2011,254.0
0.66,2,0,2,0.38,20,5,4,2012,191.0
0.66,1,0,3,0.78,4,6,7,2012,2.0
0.45,1,0,4,0.52,15,2,11,2011,178.0
0.35,1,0,4,0.56,14,6,10,2012,609.0
0.56,3,0,1,0.56,14,4,2,2011,97.0
0.94,1,0,3,0.6,23,2,9,2011,87.0
0.89,2,0,3,0.68,4,3,8,2012,8.0
0.44,1,0,2,0.64,13,1,6,2011,204.0
0.39,1,0,1,0.32,18,1,3,2011,212.0
0.54,1,0,3,0.7,18,0,9,2011,573.0
0.37,1,0,2,0.54,15,3,5,2012,290.0
0.82,1,0,4,0.4,5,1,10,2011,25.0
0.79,1,0,3,0.72,2,3,6,2012,11.0
0.65,1,0,1,0.26,3,0,3,2011,2.0
0.88,1,0,3,0.58,19,1,9,2011,292.0
0.65,1,0,3,0.64,19,3,9,2012,558.0
0.42,2,0,1,0.3,22,5,1,2011,47.0
0.41,2,0,2,0.46,22,0,4,2012,125.0
0.89,2,0,3,0.66,1,5,9,2012,100.0
0.83,1,0,3,0.62,3,4,9,2012,11.0
0.46,2,0,1,0.38,18,1,2,2012,373.0
0.51,1,0,2,0.7,19,4,5,2012,483.0
0.88,3,0,2,0.6,23,4,6,2012,86.0
0.31,1,0,1,0.34,19,1,3,2011,151.0
0.4,1,0,2,0.4,23,4,4,2012,107.0
0.3,1,0,1,0.28,16,4,1,2012,216.0
0.6,1,0,4,0.26,9,1,11,2012,315.0
0.46,1,0,4,0.6,14,5,10,2012,688.0
0.39,1,0,3,0.72,14,3,9,2012,312.0
0.79,1,0,3,0.74,3,4,7,2011,7.0
0.76,3,0,2,0.34,15,5,4,2011,105.0
0.44,1,0,2,0.84,12,4,6,2011,204.0
0.51,1,0,2,0.5,22,1,4,2012,172.0
0.89,1,0,3,0.64,5,5,6,2012,20.0
0.69,1,0,4,0.2,8,6,12,2011,91.0
0.47,1,0,3,0.66,15,3,9,2012,329.0
0.82,3,0,2,0.46,8,3,4,2012,425.0
0.58,2,0,3,0.72,22,0,7,2012,197.0
0.65,1,0,2,0.64,5,4,5,2011,23.0
0.37,1,0,1,0.16,15,1,1,2012,86.0
0.43,1,0,1,0.4,12,4,3,2012,236.0
0.27,1,0,1,0.24,10,1,2,2011,55.0
0.88,2,0,2,0.6,4,3,5,2012,8.0
0.46,1,0,3,0.8,15,5,8,2012,568.0
0.54,1,0,2,0.72,16,1,5,2011,281.0
0.94,2,0,2,0.58,6,1,5,2011,87.0
0.52,1,0,3,0.8,17,4,8,2012,768.0
0.74,1,0,2,0.68,20,5,6,2011,242.0
0.66,1,0,1,0.38,0,3,3,2011,26.0
0.46,1,0,4,0.6,11,1,9,2012,246.0
0.62,1,0,2,0.42,3,0,4,2011,-2.0
0.49,1,0,1,0.34,14,2,1,2012,155.0
0.43,1,0,3,0.8,15,5,8,2011,380.0
0.58,1,0,1,0.08,7,6,1,2011,-4.0
0.62,1,0,2,0.44,20,3,4,2011,203.0
0.87,1,0,4,0.34,3,6,11,2011,20.0
0.71,1,0,1,0.34,2,3,3,2011,4.0
0.38,1,0,1,0.42,18,1,2,2012,444.0
0.76,1,0,4,0.36,0,3,11,2011,23.0
0.69,2,0,2,0.6,8,3,6,2011,447.0
0.3,1,0,1,0.24,0,3,3,2011,14.0
0.27,2,0,3,0.9,17,1,8,2011,527.0
0.87,2,0,1,0.22,16,1,1,2011,58.0
0.88,3,0,2,0.56,6,1,5,2012,96.0
0.65,1,0,4,0.28,6,4,10,2011,82.0
0.46,1,0,1,0.38,19,1,1,2012,296.0
0.89,1,0,4,0.64,8,3,10,2012,672.0
0.88,1,0,2,0.56,3,4,5,2012,15.0
0.82,1,0,4,0.4,1,0,10,2011,15.0
0.4,1,0,2,0.38,18,1,4,2011,268.0
0.56,1,0,1,0.26,4,4,2,2012,6.0
0.35,1,0,2,0.58,12,5,4,2012,633.0
0.52,1,0,4,0.56,11,6,10,2012,533.0
0.43,1,0,1,0.16,9,0,1,2011,102.0
0.36,2,0,3,0.66,16,5,9,2012,635.0
0.67,1,0,4,0.48,19,1,10,2011,291.0
0.66,1,0,2,0.32,0,3,4,2012,35.0
0.89,1,0,3,0.64,16,2,9,2011,180.0
0.44,1,0,1,0.02,7,5,1,2011,-3.0
0.57,1,1,4,0.36,10,3,11,2011,140.0
0.75,2,0,1,0.2,1,4,1,2011,1.0
0.83,1,0,2,0.6,22,6,5,2011,131.0
0.61,1,0,2,0.7,15,1,4,2011,172.0
0.57,2,0,4,0.32,21,5,11,2012,160.0
0.23,1,0,2,0.34,16,0,3,2011,123.0
0.52,1,0,1,0.24,3,1,3,2011,1.0
0.77,2,0,2,0.42,2,5,3,2012,54.0
0.38,1,0,2,0.64,18,4,5,2012,690.0
0.21,1,0,1,0.56,15,0,2,2011,69.0
0.69,1,0,2,0.62,5,3,5,2012,26.0
0.87,2,0,4,0.3,4,2,10,2012,2.0
0.25,1,0,1,0.26,11,1,2,2011,55.0
0.52,2,0,1,0.28,11,4,12,2012,177.0
0.83,2,0,3,0.6,6,3,9,2011,109.0
0.52,1,0,2,0.56,16,1,4,2011,239.0
0.56,1,0,1,0.24,13,1,1,2011,60.0
0.62,1,0,1,0.44,14,1,1,2012,156.0
0.66,1,0,3,0.72,23,3,7,2011,112.0
0.76,1,0,4,0.32,0,5,11,2012,92.0
0.39,1,0,3,0.86,16,1,8,2011,269.0
0.65,1,0,3,0.66,2,3,8,2011,12.0
0.81,2,0,4,0.3,5,2,10,2012,28.0
0.35,1,0,4,0.42,12,0,11,2012,237.0
0.46,1,0,1,0.34,12,6,2,2011,166.0
0.66,1,0,4,0.4,21,5,11,2012,203.0
0.41,1,0,2,0.66,18,2,4,2012,770.0
0.94,3,0,4,0.62,9,2,9,2011,154.0
0.69,1,0,2,0.68,2,4,6,2011,15.0
0.59,1,0,1,0.18,9,5,1,2011,57.0
0.67,1,0,4,0.46,1,0,9,2012,18.0
0.68,1,0,4,0.52,12,1,12,2012,277.0
0.82,3,0,1,0.48,17,4,3,2012,368.0
0.73,1,0,2,0.54,22,4,5,2011,165.0
0.72,1,0,1,0.44,6,3,3,2012,127.0
0.54,1,0,3,0.72,21,1,8,2011,231.0
0.61,1,0,1,0.28,13,6,1,2011,106.0
0.76,1,0,4,0.38,17,6,12,2011,256.0
0.52,1,0,4,0.54,21,6,10,2011,127.0
0.57,1,0,2,0.68,18,0,4,2011,453.0
0.45,2,0,2,0.32,9,2,3,2011,144.0
0.37,1,0,4,0.54,16,5,11,2012,608.0
0.75,1,0,1,0.28,10,5,1,2012,177.0
0.57,2,0,4,0.36,16,3,11,2012,318.0
0.62,2,0,4,0.72,15,2,10,2012,334.0
0.83,2,0,4,0.64,13,3,10,2011,119.0
0.8,1,0,1,0.22,1,5,1,2011,26.0
0.66,2,0,4,0.38,11,0,11,2012,192.0
0.48,1,0,3,0.7,8,2,6,2011,449.0
0.49,2,0,3,0.78,13,2,8,2012,279.0
0.42,1,0,3,0.7,22,2,6,2011,188.0
0.56,1,0,3,0.84,18,3,7,2011,474.0
1.0,2,0,4,0.3,8,0,11,2011,352.0
0.88,2,0,2,0.58,0,2,5,2012,45.0
0.44,2,0,1,0.44,14,4,3,2012,223.0
0.76,1,0,4,0.4,20,1,11,2011,188.0
0.46,2,0,2,0.8,12,1,6,2011,176.0
0.84,1,0,3,0.7,23,4,8,2011,134.0
0.78,1,0,3,0.6,0,3,9,2011,39.0
0.73,1,0,3,0.6,21,4,9,2012,297.0
0.45,1,0,1,0.3,11,5,2,2011,128.0
0.7,1,0,3,0.74,9,2,7,2011,203.0
0.56,2,0,4,0.26,6,2,11,2012,129.0
0.68,3,0,1,0.1,0,6,2,2012,55.0
0.25,1,0,2,0.38,21,0,3,2012,184.0
0.77,1,0,4,0.48,2,4,12,2011,15.0
0.64,1,0,1,0.2,2,3,2,2011,4.0
0.55,1,0,1,0.18,21,3,2,2011,63.0
0.7,2,0,2,0.3,14,3,3,2011,79.0
0.89,3,0,3,0.64,17,2,9,2011,253.0
0.39,1,1,4,0.34,18,4,11,2011,200.0
0.66,2,0,4,0.38,17,6,11,2012,299.0
0.22,1,0,1,0.56,12,0,2,2011,82.0
0.42,1,0,2,0.5,2,3,4,2011,14.0
0.83,2,0,4,0.62,19,3,10,2011,262.0
0.36,1,0,2,0.52,10,4,5,2012,245.0
0.46,1,0,2,0.8,17,3,5,2011,516.0
0.73,1,0,4,0.56,0,4,10,2012,84.0
0.33,2,0,4,0.44,6,4,12,2011,91.0
0.81,1,0,4,0.36,21,6,11,2011,62.0
0.35,1,0,1,0.4,20,5,1,2012,160.0
0.93,1,0,4,0.36,8,0,12,2012,632.0
0.49,1,0,4,0.3,20,1,11,2012,252.0
0.87,2,0,2,0.3,18,3,3,2011,161.0
0.75,3,1,1,0.22,21,0,2,2011,29.0
0.7,2,0,1,0.24,9,2,2,2012,238.0
0.46,1,0,1,0.34,12,2,12,2011,96.0
0.66,2,0,1,0.32,4,5,12,2011,2.0
0.46,2,0,4,0.38,12,4,11,2012,278.0
0.58,1,0,3,0.76,9,4,6,2012,317.0
0.39,1,0,4,0.66,17,1,9,2012,905.0
0.21,1,0,3,0.82,15,4,7,2011,278.0
0.7,3,0,1,0.32,10,3,2,2012,94.0
0.79,1,0,3,0.7,6,6,7,2012,22.0
0.29,1,0,2,0.52,16,4,4,2012,460.0
0.46,1,1,1,0.34,9,0,12,2011,63.0
0.88,3,0,2,0.54,11,3,5,2011,165.0
0.43,1,0,3,0.76,12,5,7,2011,408.0
0.72,2,0,2,0.52,4,1,5,2012,-1.0
0.88,3,0,2,0.54,8,0,5,2012,318.0
0.43,1,0,1,0.16,22,1,2,2011,36.0
0.74,2,0,4,0.7,13,0,9,2011,185.0
0.38,1,0,1,0.24,22,5,2,2012,75.0
0.54,2,0,3,0.72,3,0,7,2012,15.0
0.87,3,0,4,0.34,1,6,10,2011,57.0
0.27,2,0,2,0.64,15,5,4,2012,635.0
0.77,1,0,4,0.52,1,4,9,2011,23.0
0.46,2,0,1,0.38,16,1,3,2011,105.0
0.71,2,0,4,0.42,12,6,10,2012,400.0
0.79,2,0,3,0.68,8,2,7,2012,681.0
0.41,1,0,3,0.86,16,6,7,2012,449.0
0.86,2,0,2,0.34,4,4,4,2011,3.0
0.82,3,0,4,0.4,17,6,10,2012,185.0
0.68,1,0,4,0.56,10,6,10,2011,318.0
0.27,1,0,1,0.22,15,6,1,2012,207.0
0.93,2,0,2,0.32,0,3,3,2011,13.0
0.76,3,0,2,0.34,12,4,4,2011,66.0
0.88,2,0,2,0.62,5,4,5,2012,31.0
0.49,1,0,1,0.32,18,4,2,2011,160.0
0.74,1,0,3,0.72,20,0,7,2011,289.0
0.66,1,0,4,0.4,6,3,10,2011,97.0
1.0,2,0,2,0.5,7,3,5,2011,219.0
0.93,2,0,2,0.3,6,5,4,2011,6.0
0.55,1,0,3,0.74,16,5,9,2011,449.0
0.38,1,0,2,0.64,14,3,5,2012,281.0
0.59,2,0,1,0.2,23,3,1,2011,33.0
0.81,1,0,4,0.28,9,4,12,2011,192.0
0.74,1,1,3,0.68,3,2,7,2012,46.0
0.63,1,0,1,0.46,3,3,3,2012,9.0
0.64,1,0,1,0.22,22,1,1,2011,37.0
0.83,2,0,3,0.6,1,1,8,2012,15.0
0.42,1,0,2,0.7,17,6,4,2012,519.0
0.83,1,0,2,0.6,9,0,4,2011,185.0
0.34,1,0,2,0.7,7,3,6,2011,335.0
0.78,3,0,3,0.64,2,5,8,2012,61.0
0.89,2,0,3,0.66,7,6,8,2011,32.0
0.54,2,0,2,0.66,13,6,5,2011,420.0
0.35,1,0,4,0.44,12,5,10,2012,503.0
0.83,3,0,3,0.66,7,0,7,2012,277.0
0.37,1,0,4,0.56,13,6,10,2012,629.0
0.49,1,0,4,0.56,22,6,10,2011,98.0
0.52,1,0,4,0.28,12,3,12,2011,157.0
0.47,2,0,1,0.2,22,2,1,2012,81.0
0.55,2,0,4,0.5,7,0,10,2011,267.0
0.7,1,0,3,0.74,16,3,9,2012,447.0
0.33,1,0,1,0.14,5,3,3,2011,6.0
0.83,1,0,3,0.66,1,6,7,2012,122.0
0.77,1,0,4,0.52,20,5,10,2011,190.0
0.55,1,0,3,0.76,9,4,6,2012,312.0
0.57,2,0,2,0.64,16,3,5,2011,283.0
0.41,1,0,3,0.8,8,4,7,2012,618.0
0.94,3,0,1,0.46,1,3,3,2012,12.0
0.45,1,0,4,0.54,10,5,10,2011,303.0
0.38,1,0,2,0.46,12,3,4,2011,177.0
0.69,1,0,3,0.62,20,3,9,2012,441.0
0.83,2,0,3,0.66,9,0,7,2012,277.0
0.93,2,0,1,0.28,5,4,2,2012,15.0
0.71,2,0,2,0.36,10,4,4,2011,84.0
0.5,1,0,3,0.66,23,3,8,2011,122.0
0.86,2,0,1,0.16,16,1,1,2011,53.0
0.88,1,0,2,0.62,3,5,5,2012,19.0
0.94,2,0,1,0.52,6,1,3,2012,108.0
0.87,3,0,1,0.24,17,2,2,2012,132.0
0.88,3,0,2,0.54,10,0,6,2012,65.0
0.41,1,0,4,0.64,13,6,10,2012,627.0
0.49,1,0,2,0.6,15,6,5,2011,369.0
0.55,1,0,1,0.5,14,4,1,2012,239.0
0.43,2,0,1,0.14,13,0,1,2011,58.0
0.7,1,0,4,0.24,6,5,11,2012,20.0
0.62,1,0,2,0.4,21,2,5,2011,131.0
0.43,1,0,1,0.38,19,3,2,2012,293.0
0.87,3,0,4,0.36,1,1,10,2012,7.0
0.61,1,0,2,0.32,8,2,4,2011,304.0
0.66,1,0,3,0.74,23,0,8,2011,84.0
0.76,1,0,4,0.38,5,0,10,2012,33.0
0.61,2,0,2,0.66,10,3,6,2011,133.0
0.41,2,0,3,0.86,16,4,8,2012,475.0
0.56,2,0,1,0.26,2,6,12,2012,41.0
0.7,2,0,2,0.32,13,3,3,2011,93.0
0.78,3,0,3,0.66,23,5,8,2012,203.0
0.69,1,0,3,0.66,2,2,8,2011,8.0
0.48,1,0,1,0.26,4,5,12,2012,1.0
0.73,1,0,3,0.54,3,1,8,2011,6.0
0.35,1,0,4,0.42,14,5,11,2011,350.0
0.78,1,0,3,0.66,8,6,9,2011,127.0
0.56,1,0,1,0.28,10,4,2,2012,148.0
0.72,2,0,2,0.44,8,2,4,2012,669.0
0.61,1,0,4,0.34,10,4,11,2012,196.0
0.88,2,0,3,0.6,6,1,6,2011,117.0
0.88,3,0,3,0.6,3,5,7,2012,27.0
0.94,3,0,2,0.52,12,5,3,2012,251.0
0.65,1,0,3,0.7,23,2,8,2011,99.0
0.57,1,0,2,0.36,14,2,4,2012,210.0
0.8,1,0,1,0.22,3,3,2,2012,6.0
0.19,1,0,3,0.86,15,5,7,2011,382.0
0.75,1,0,4,0.28,7,2,12,2011,246.0
0.75,2,0,2,0.3,8,0,4,2012,581.0
0.81,1,0,1,0.26,10,5,2,2012,187.0
0.5,1,0,1,0.14,9,5,1,2012,120.0
0.93,3,0,2,0.24,6,4,4,2011,44.0
0.94,3,0,4,0.46,19,1,11,2011,156.0
0.37,1,0,1,0.16,17,5,1,2011,70.0
0.61,2,0,2,0.66,15,6,5,2011,359.0
0.76,1,0,2,0.38,1,3,4,2011,9.0
0.62,1,0,2,0.76,11,5,6,2011,376.0
0.5,1,0,3,0.66,3,3,6,2012,12.0
0.53,1,0,4,0.32,17,1,11,2012,579.0
0.46,2,0,2,0.8,16,5,6,2011,373.0
0.41,1,0,4,0.42,12,4,11,2012,311.0
0.69,1,0,3,0.62,20,4,9,2012,388.0
0.63,1,0,3,0.52,2,6,9,2012,94.0
0.38,1,0,2,0.72,1,3,6,2011,25.0
0.75,2,0,1,0.28,3,3,1,2012,5.0
0.5,1,0,3,0.64,19,2,9,2012,598.0
0.83,1,0,3,0.68,0,4,8,2012,79.0
0.94,3,0,2,0.44,2,0,4,2012,8.0
0.93,2,0,4,0.36,1,5,12,2012,78.0
0.87,2,0,4,0.4,13,0,12,2012,249.0
0.64,2,0,1,0.2,8,3,12,2011,274.0
0.41,1,0,3,0.84,12,2,7,2011,165.0
0.29,1,0,2,0.52,15,3,4,2011,136.0
0.78,1,0,2,0.66,6,4,6,2011,106.0
0.87,3,0,1,0.4,8,3,2,2012,363.0
0.72,2,0,4,0.52,20,0,10,2012,334.0
0.39,1,0,1,0.48,15,6,3,2011,269.0
0.88,1,0,3,0.68,4,1,7,2011,8.0
0.37,1,0,2,0.4,0,4,4,2012,54.0
0.26,2,1,1,0.42,7,0,2,2011,16.0
0.59,1,0,2,0.78,15,1,6,2012,258.0
0.66,1,0,3,0.74,5,4,7,2012,31.0
0.68,2,0,2,0.58,3,0,5,2012,-0.0
0.62,2,0,1,0.44,19,3,12,2011,204.0
0.61,1,0,2,0.32,11,4,4,2011,95.0
0.6,1,0,1,0.24,10,0,1,2012,107.0
0.4,2,0,1,0.36,13,1,2,2012,164.0
0.4,1,1,1,0.38,14,0,12,2011,141.0
0.33,1,0,2,0.46,2,3,4,2012,16.0
0.93,1,0,1,0.36,5,4,12,2011,11.0
0.6,2,0,1,0.22,9,0,3,2012,217.0
0.88,2,0,3,0.62,5,4,8,2011,19.0
0.94,2,0,3,0.66,5,3,8,2012,32.0
0.47,2,0,3,0.86,13,4,8,2012,331.0
0.78,1,0,3,0.64,4,4,8,2011,6.0
0.58,1,0,3,0.74,13,6,9,2011,387.0
0.55,2,0,1,0.16,2,1,1,2011,1.0
0.42,1,0,1,0.3,10,1,2,2012,120.0
0.76,3,0,1,0.38,7,5,12,2011,31.0
0.49,1,0,3,0.8,15,0,7,2012,281.0
0.38,1,0,2,0.8,16,1,6,2011,301.0
0.6,2,0,4,0.6,15,3,10,2012,333.0
0.41,2,0,2,0.42,17,5,4,2012,383.0
0.76,2,0,4,0.38,19,6,10,2011,141.0
0.88,1,0,4,0.42,2,1,12,2012,14.0
0.48,1,0,3,0.76,13,2,8,2011,191.0
0.72,2,0,4,0.5,9,1,10,2012,381.0
0.6,1,0,3,0.54,9,2,9,2012,359.0
0.53,2,0,1,0.36,13,4,12,2011,134.0
0.54,2,0,3,0.7,0,4,7,2012,74.0
0.66,1,0,3,0.74,23,1,7,2011,100.0
0.73,1,0,2,0.62,9,3,5,2012,314.0
0.82,2,0,2,0.5,9,0,5,2012,292.0
0.62,3,0,4,0.4,13,6,10,2011,250.0
0.65,1,0,1,0.26,8,3,12,2012,353.0
0.81,2,0,4,0.32,19,5,12,2012,249.0
1.0,1,0,2,0.44,2,4,5,2011,20.0
0.94,3,0,4,0.54,14,2,10,2011,52.0
0.93,3,0,1,0.34,19,3,2,2011,81.0
0.61,1,0,4,0.28,23,3,11,2012,99.0
0.79,2,0,3,0.72,0,0,8,2012,53.0
0.66,1,0,4,0.36,23,6,11,2012,60.0
0.44,1,0,1,0.24,10,4,1,2012,120.0
0.65,1,0,3,0.78,9,5,8,2012,302.0
1.0,3,0,2,0.34,5,5,4,2011,7.0
0.69,1,0,4,0.4,10,6,11,2012,346.0
0.94,3,0,4,0.54,3,2,10,2011,-4.0
0.88,2,0,4,0.46,5,1,10,2011,26.0
0.83,1,0,4,0.52,7,4,9,2011,302.0
0.77,2,0,4,0.54,21,0,11,2011,151.0
0.43,2,0,4,0.6,14,0,10,2012,296.0
0.69,1,1,2,0.62,9,0,4,2012,246.0
0.41,1,0,3,0.82,14,1,8,2012,269.0
0.71,2,0,4,0.36,7,0,10,2011,232.0
0.52,1,0,1,0.26,2,2,3,2011,1.0
0.6,1,0,4,0.24,9,3,11,2012,304.0
0.53,1,0,3,0.84,8,6,7,2012,125.0
0.53,1,0,4,0.34,1,5,10,2012,90.0
0.48,1,0,4,0.74,15,2,9,2012,348.0
0.75,2,0,3,0.76,1,0,7,2011,13.0
0.94,2,0,4,0.54,1,3,10,2011,9.0
0.23,1,0,1,0.26,16,3,3,2011,99.0
0.74,1,0,1,0.14,4,1,1,2011,-1.0
0.77,3,0,1,0.42,10,3,2,2012,100.0
0.52,1,0,1,0.24,1,1,3,2011,4.0
0.54,1,0,3,0.66,21,4,7,2011,221.0
0.61,1,0,1,0.34,21,1,2,2012,141.0
0.72,1,0,4,0.5,21,1,10,2011,181.0
0.47,3,0,2,0.48,10,2,4,2012,114.0
0.76,1,0,4,0.36,23,2,11,2011,58.0
0.67,1,0,2,0.42,9,1,4,2012,333.0
0.8,2,0,1,0.16,15,6,1,2012,155.0
0.79,1,0,3,0.68,3,4,7,2011,9.0
0.72,1,0,4,0.44,4,5,10,2012,13.0
0.83,1,0,2,0.6,1,0,6,2011,15.0
0.58,1,0,2,0.42,19,2,5,2011,247.0
0.37,1,0,2,0.22,6,1,3,2012,94.0
0.6,1,0,1,0.54,0,2,3,2012,40.0
0.74,3,0,2,0.66,15,5,5,2012,374.0
0.68,1,0,4,0.54,1,2,10,2012,23.0
0.54,1,0,4,0.42,4,6,10,2011,11.0
0.34,1,0,1,0.2,16,6,2,2012,174.0
0.58,2,0,1,0.44,1,3,2,2012,19.0
0.4,1,0,3,0.74,19,4,6,2011,370.0
0.63,1,0,4,0.46,2,0,11,2011,12.0
0.47,1,0,3,0.68,8,3,6,2011,449.0
1.0,3,0,1,0.36,16,6,3,2011,89.0
0.66,2,0,4,0.32,5,4,11,2012,34.0
0.53,1,0,4,0.34,19,4,12,2012,379.0
0.93,2,0,1,0.36,3,5,3,2012,17.0
0.74,1,0,3,0.7,23,1,6,2011,79.0
0.7,1,0,4,0.32,2,2,11,2011,9.0
0.41,2,0,1,0.04,1,5,1,2011,16.0
0.39,1,0,3,0.72,21,2,6,2011,264.0
0.81,3,0,1,0.32,14,2,1,2012,58.0
0.68,1,0,3,0.54,23,6,9,2011,70.0
0.55,2,0,3,0.74,9,2,8,2011,221.0
0.48,1,0,3,0.72,21,1,8,2012,323.0
0.48,1,0,1,0.28,23,0,3,2011,19.0
0.87,1,0,4,0.3,6,2,11,2011,82.0
0.55,1,1,2,0.5,10,4,4,2011,194.0
0.79,1,0,2,0.7,2,2,6,2011,8.0
0.48,2,0,1,0.26,17,0,12,2012,261.0
0.56,1,0,3,0.82,12,1,8,2011,178.0
0.54,1,0,3,0.7,16,4,9,2012,564.0
0.27,1,0,2,0.38,7,6,4,2012,89.0
0.52,1,0,3,0.76,11,4,8,2012,277.0
0.28,1,0,2,0.58,15,0,4,2012,267.0
0.69,2,0,1,0.22,19,5,1,2011,56.0
0.74,1,0,3,0.68,6,0,7,2011,102.0
0.8,1,0,4,0.18,2,0,12,2011,16.0
0.55,1,0,4,0.22,21,6,12,2011,68.0
0.41,1,0,3,0.86,15,1,6,2011,151.0
0.46,1,0,1,0.34,14,6,2,2011,151.0
0.81,3,0,4,0.32,9,1,11,2012,157.0
0.61,1,0,3,0.7,19,2,8,2012,603.0
0.37,1,0,4,0.4,13,1,12,2011,180.0
0.17,1,0,1,0.38,8,5,2,2011,37.0
0.69,1,0,2,0.62,15,1,5,2011,199.0
0.3,1,0,2,0.84,15,6,6,2012,503.0
0.67,1,0,2,0.48,17,5,3,2012,466.0
0.79,1,0,3,0.7,3,2,9,2012,7.0
0.7,1,0,3,0.74,22,1,9,2012,232.0
0.53,1,0,2,0.62,17,4,5,2011,514.0
0.8,1,0,4,0.22,0,1,12,2011,23.0
0.88,3,0,3,0.6,15,5,7,2012,355.0
0.46,1,0,1,0.14,21,3,1,2011,57.0
0.32,1,0,4,0.38,13,3,11,2012,234.0
0.7,2,0,4,0.3,9,3,12,2012,296.0
0.46,1,0,2,0.36,7,2,3,2012,377.0
0.83,2,0,3,0.6,16,1,9,2011,220.0
0.88,1,0,3,0.56,4,1,9,2011,4.0
0.7,1,0,2,0.74,22,1,5,2011,149.0
0.53,2,0,2,0.34,4,4,4,2012,6.0
0.69,1,0,4,0.62,10,5,10,2012,466.0
0.64,2,0,4,0.6,22,2,10,2012,216.0
0.36,2,1,1,0.34,5,0,2,2011,3.0
0.83,1,0,4,0.56,8,5,10,2012,240.0
0.43,1,0,3,0.82,22,6,7,2012,169.0
0.52,1,0,1,0.24,3,4,1,2012,5.0
0.31,1,0,2,0.66,16,3,5,2012,474.0
0.68,1,0,2,0.5,5,6,6,2012,15.0
0.81,1,0,4,0.3,1,5,11,2012,70.0
0.83,2,0,2,0.54,1,6,5,2012,101.0
0.56,1,0,4,0.6,15,0,12,2012,302.0
0.24,1,0,2,0.56,17,4,4,2012,711.0
0.93,2,0,2,0.28,5,3,3,2011,9.0
0.88,1,0,2,0.54,1,4,3,2012,36.0
0.93,3,0,1,0.2,11,5,12,2012,32.0
0.83,2,0,3,0.68,20,5,8,2011,161.0
0.74,1,0,1,0.14,5,1,1,2011,2.0
0.35,1,0,3,0.74,14,3,7,2011,196.0
0.71,1,0,4,0.36,6,4,10,2011,88.0
0.38,1,0,4,0.26,19,5,12,2011,134.0
0.54,1,0,3,0.7,15,4,9,2012,427.0
0.49,1,0,1,0.3,0,1,2,2011,13.0
0.7,1,0,3,0.76,10,2,7,2011,118.0
0.5,1,0,1,0.12,5,2,2,2011,6.0
0.79,1,0,3,0.72,4,5,8,2012,14.0
0.75,2,0,1,0.28,2,3,1,2012,9.0
0.79,2,0,3,0.68,19,5,8,2011,224.0
0.46,1,0,3,0.78,14,3,8,2012,276.0
0.47,1,0,2,0.42,11,3,4,2012,206.0
0.64,2,0,4,0.56,10,1,11,2011,110.0
0.49,2,0,3,0.84,14,3,7,2011,144.0
0.53,1,0,2,0.58,0,0,6,2012,49.0
0.76,2,0,1,0.4,7,6,1,2011,-8.0
0.94,3,0,3,0.66,10,3,9,2012,91.0
0.41,1,0,3,0.86,18,6,7,2011,280.0
0.47,1,0,1,0.2,8,4,1,2011,214.0
0.34,1,0,1,0.34,17,1,3,2011,246.0
0.87,2,0,1,0.4,6,4,3,2012,78.0
0.58,2,0,3,0.72,13,0,6,2011,175.0
0.57,2,0,1,0.28,14,0,3,2012,175.0
0.87,1,0,4,0.4,9,0,12,2012,335.0
0.26,1,0,3,0.86,13,3,6,2012,277.0
0.42,1,0,2,0.52,12,5,4,2011,402.0
0.39,1,0,1,0.5,20,5,1,2012,190.0
0.53,1,0,4,0.34,9,4,11,2012,330.0
0.7,2,0,4,0.32,1,3,12,2011,14.0
0.87,1,0,4,0.36,1,6,10,2011,70.0
0.7,1,0,3,0.7,6,5,7,2012,45.0
0.86,2,0,1,0.16,0,2,1,2011,4.0
0.69,1,0,1,0.2,23,1,1,2011,17.0
0.87,2,0,2,0.38,0,6,4,2011,43.0
0.18,1,0,2,0.54,18,5,4,2012,504.0
0.53,1,0,3,0.62,4,4,8,2011,5.0
0.42,1,0,1,0.32,4,1,2,2012,11.0
0.7,1,1,1,0.26,22,0,12,2011,13.0
0.61,1,0,2,0.66,19,6,5,2011,290.0
0.42,2,0,1,0.08,11,2,1,2012,78.0
0.33,1,0,1,0.32,15,5,12,2012,211.0
0.39,1,0,4,0.66,14,6,10,2012,628.0
0.88,3,0,2,0.6,5,1,6,2012,26.0
0.75,1,0,1,0.22,6,5,3,2011,6.0
0.38,1,0,2,0.42,11,2,4,2011,111.0
0.73,2,0,2,0.62,4,4,6,2012,11.0
0.62,1,0,2,0.4,5,0,4,2011,9.0
0.67,2,0,1,0.46,19,5,3,2011,162.0
0.82,2,0,2,0.46,21,6,5,2011,108.0
0.47,1,0,4,0.64,17,2,10,2011,587.0
0.59,1,0,4,0.46,22,4,10,2011,140.0
1.0,2,0,4,0.36,20,5,12,2012,175.0
0.78,1,0,2,0.58,22,1,5,2012,208.0
0.5,1,0,1,0.4,18,4,1,2012,384.0
0.88,1,0,4,0.46,2,6,10,2011,67.0
0.49,1,0,3,0.78,1,2,7,2011,17.0
0.27,1,0,1,0.2,14,3,2,2011,60.0
0.94,3,0,3,0.54,16,1,9,2011,116.0
1.0,1,0,2,0.48,3,3,5,2011,7.0
0.39,1,0,2,0.5,23,6,4,2012,78.0
0.56,1,0,1,0.28,10,3,12,2012,83.0
0.66,2,0,4,0.32,0,1,11,2012,32.0
0.65,1,0,2,0.7,11,5,5,2011,360.0
0.66,1,0,4,0.4,20,0,10,2011,192.0
0.81,3,0,1,0.24,13,0,12,2012,33.0
0.47,1,0,1,0.42,8,5,3,2011,81.0
0.82,1,0,4,0.46,2,2,10,2011,9.0
0.48,1,0,3,0.74,21,2,7,2011,264.0
0.37,1,0,1,0.22,10,2,1,2011,49.0
0.54,1,0,1,0.44,10,3,3,2011,91.0
0.47,1,0,3,0.86,15,6,7,2012,450.0
0.62,1,0,3,0.76,17,6,8,2011,334.0
0.83,3,0,2,0.6,0,2,5,2011,45.0
0.3,1,0,3,0.7,20,1,6,2012,452.0
0.55,1,0,3,0.8,16,4,9,2012,499.0
0.88,1,0,3,0.54,6,4,9,2012,158.0
0.83,3,0,2,0.56,9,2,5,2011,192.0
0.5,1,0,2,0.62,22,6,6,2012,168.0
0.94,2,0,2,0.44,23,5,3,2012,56.0
0.67,2,0,4,0.44,19,3,10,2011,261.0
0.93,3,0,1,0.22,0,2,2,2011,3.0
0.67,1,0,3,0.42,8,4,9,2011,399.0
0.29,1,0,2,0.8,12,5,6,2012,575.0
1.0,3,0,2,0.52,0,0,4,2011,-10.0
0.52,1,0,3,0.52,6,1,6,2012,172.0
0.87,3,0,1,0.3,13,1,12,2011,29.0
0.56,1,0,3,0.6,5,4,8,2011,21.0
0.88,2,0,4,0.6,6,3,9,2011,115.0
0.48,1,0,3,0.76,13,3,8,2012,313.0
0.61,1,0,4,0.34,3,3,11,2012,12.0
0.46,1,0,3,0.82,12,6,7,2011,363.0
0.83,1,0,3,0.66,5,1,7,2012,40.0
0.89,1,0,3,0.64,7,6,8,2012,61.0
0.45,1,0,3,0.7,8,3,8,2011,440.0
0.58,1,0,3,0.76,11,3,8,2011,149.0
0.75,1,0,1,0.2,5,0,3,2011,5.0
0.35,1,0,1,0.26,12,2,2,2011,77.0
0.26,1,0,1,0.28,2,6,1,2012,57.0
0.39,1,0,1,0.3,12,2,1,2012,153.0
0.49,1,0,2,0.82,16,1,5,2012,402.0
0.78,1,0,2,0.62,22,3,5,2012,231.0
0.4,1,0,3,0.76,14,6,8,2012,556.0
0.32,1,0,3,0.84,17,5,7,2011,357.0
0.47,1,0,2,0.64,10,5,6,2012,463.0
0.56,1,0,2,0.6,20,2,3,2012,398.0
0.4,1,0,1,0.18,13,2,2,2011,55.0
0.76,1,0,4,0.4,7,1,10,2011,275.0
0.52,1,0,4,0.56,10,2,10,2012,231.0
0.54,2,0,4,0.44,4,6,10,2012,14.0
0.72,1,0,3,0.46,3,5,9,2011,26.0
0.62,1,0,2,0.72,18,5,5,2011,317.0
1.0,1,0,2,0.52,5,2,5,2011,20.0
0.61,1,0,1,0.32,20,2,1,2012,173.0
0.86,1,0,1,0.14,5,6,1,2011,1.0
0.89,2,0,3,0.66,8,6,8,2011,82.0
0.83,1,0,2,0.56,19,6,5,2011,261.0
0.73,1,1,4,0.54,19,0,11,2012,383.0
0.82,2,0,1,0.42,1,4,3,2012,21.0
0.94,2,0,1,0.42,5,5,3,2012,12.0
0.7,1,0,1,0.26,1,5,2,2012,45.0
0.4,2,0,1,0.36,2,6,3,2012,55.0
0.89,2,0,4,0.64,9,0,9,2011,218.0
0.7,2,0,1,0.3,6,3,2,2012,87.0
0.74,1,0,3,0.7,1,2,7,2011,19.0
0.81,1,0,4,0.3,6,2,11,2011,80.0
0.65,1,0,2,0.24,23,3,3,2011,38.0
0.55,1,0,4,0.46,17,5,10,2011,356.0
0.8,1,0,1,0.18,23,3,1,2011,15.0
0.88,2,0,2,0.54,11,0,6,2012,159.0
0.46,1,0,2,0.36,8,3,4,2012,619.0
0.75,1,0,4,0.3,1,3,11,2012,16.0
0.39,2,0,1,0.32,12,4,12,2012,207.0
0.43,1,0,4,0.56,12,6,9,2012,660.0
0.41,1,0,2,0.44,11,3,4,2011,135.0
0.52,2,0,4,0.3,21,2,12,2012,182.0
0.87,2,0,4,0.4,2,1,10,2011,6.0
0.66,1,0,2,0.34,6,3,5,2011,77.0
0.45,2,0,1,0.28,11,3,1,2011,63.0
0.83,1,0,3,0.66,5,4,8,2012,34.0
0.83,1,0,2,0.62,6,6,5,2012,20.0
0.82,1,0,2,0.42,1,5,5,2011,63.0
0.93,3,0,1,0.36,1,3,1,2012,7.0
0.53,1,0,4,0.34,21,5,11,2012,179.0
0.88,3,0,2,0.56,2,0,5,2011,13.0
0.52,2,0,3,0.8,12,0,7,2012,262.0
0.42,2,0,1,0.32,11,4,12,2012,185.0
0.62,1,0,3,0.76,18,1,7,2012,712.0
0.88,3,0,2,0.52,18,4,5,2011,362.0
0.57,1,0,1,0.32,9,2,12,2011,139.0
0.7,2,0,1,0.32,17,0,2,2011,176.0
0.76,2,0,4,0.4,12,0,12,2011,166.0
0.82,1,0,4,0.44,5,3,10,2012,41.0
1.0,2,0,2,0.48,7,3,3,2012,363.0
0.58,2,0,2,0.4,22,1,3,2011,66.0
0.76,1,0,4,0.36,23,1,11,2011,64.0
0.84,2,0,3,0.7,7,2,7,2011,295.0
0.82,1,0,4,0.46,8,3,10,2012,725.0
0.62,2,0,4,0.36,19,2,12,2011,221.0
0.43,2,0,4,0.58,15,2,10,2012,322.0
0.88,1,0,3,0.58,6,2,9,2011,111.0
0.75,2,1,1,0.28,17,0,2,2011,83.0
0.58,1,1,1,0.1,9,0,1,2012,125.0
0.88,3,0,3,0.6,22,6,8,2011,99.0
0.53,1,0,4,0.34,20,5,11,2012,201.0
0.77,3,0,2,0.42,7,6,4,2012,-6.0
0.85,1,0,3,0.66,23,5,9,2011,136.0
0.73,1,0,3,0.62,20,6,9,2011,209.0
0.88,1,0,2,0.62,4,5,5,2012,5.0
0.33,1,0,2,0.44,21,4,4,2012,205.0
0.49,1,0,2,0.34,7,5,4,2012,110.0
0.94,3,0,2,0.38,8,2,4,2011,193.0
0.73,2,0,4,0.56,16,3,10,2011,233.0
0.67,2,0,1,0.44,21,6,1,2012,91.0
0.5,1,0,4,0.42,2,3,10,2012,15.0
0.54,1,0,4,0.44,23,6,10,2012,97.0
0.51,1,0,4,0.44,12,5,11,2011,342.0
1.0,1,0,1,0.26,21,5,2,2011,61.0
0.41,1,0,1,0.22,13,3,1,2011,55.0
1.0,3,0,1,0.2,9,5,2,2011,39.0
0.5,1,0,4,0.62,19,1,9,2012,571.0
0.71,2,0,2,0.34,2,0,3,2011,1.0
0.74,1,0,3,0.66,4,1,6,2011,9.0
0.69,1,0,3,0.62,6,5,7,2011,24.0
0.52,1,0,3,0.78,13,0,8,2011,181.0
0.46,1,0,2,0.6,12,6,5,2011,401.0
0.64,1,0,1,0.22,7,2,3,2011,123.0
0.5,1,0,4,0.62,14,4,10,2011,250.0
0.82,3,0,2,0.5,20,2,5,2012,124.0
0.42,1,0,3,0.88,18,6,7,2011,254.0
0.43,1,0,2,0.6,16,1,6,2012,454.0
0.65,2,0,2,0.62,4,6,6,2011,11.0
0.7,2,0,1,0.3,8,3,2,2012,489.0
0.7,1,0,1,0.3,6,4,3,2012,78.0
0.73,3,0,2,0.64,20,1,5,2012,193.0
0.25,1,0,1,0.22,12,3,3,2011,71.0
0.5,1,0,3,0.66,0,3,6,2012,71.0
0.58,2,0,4,0.4,18,2,11,2011,356.0
0.67,1,0,2,0.48,5,2,6,2011,24.0
0.36,1,0,1,0.32,15,2,12,2011,93.0
0.36,1,0,4,0.46,13,5,10,2012,545.0
0.42,1,0,4,0.52,20,6,9,2012,279.0
0.35,1,0,4,0.62,12,5,10,2011,441.0
0.54,1,0,2,0.72,13,3,5,2012,281.0
0.44,1,0,2,0.44,21,3,3,2012,225.0
0.93,3,0,4,0.26,11,5,10,2011,67.0
0.69,1,0,1,0.22,5,2,3,2011,9.0
0.7,1,0,1,0.26,10,5,1,2012,169.0
0.29,1,1,4,0.48,15,3,11,2012,222.0
0.93,2,0,1,0.36,14,2,2,2012,94.0
0.6,1,0,1,0.26,2,5,1,2012,34.0
0.93,3,0,1,0.2,19,0,1,2012,121.0
0.64,1,0,2,0.56,22,2,3,2012,220.0
0.44,3,0,2,0.48,9,2,4,2012,270.0
0.88,3,0,3,0.6,16,5,7,2012,248.0
0.52,1,0,3,0.76,10,5,7,2011,284.0
0.88,1,0,2,0.46,23,1,4,2011,61.0
0.93,3,0,1,0.36,7,3,2,2012,226.0
0.43,1,0,4,0.4,13,4,11,2012,299.0
0.77,2,0,2,0.52,1,0,5,2012,17.0
0.48,1,0,3,0.72,10,6,6,2011,301.0
0.83,1,0,3,0.66,8,5,8,2012,205.0
0.52,2,0,1,0.3,14,3,12,2011,97.0
0.44,1,0,2,0.22,3,0,3,2011,1.0
0.64,3,0,1,0.16,23,4,1,2012,48.0
0.7,2,0,2,0.32,10,0,4,2012,151.0
0.78,1,0,3,0.66,5,0,7,2012,31.0
0.81,1,0,4,0.26,18,1,11,2012,430.0
0.47,1,0,1,0.16,20,3,1,2011,80.0
0.39,2,0,2,0.84,19,3,6,2011,342.0
0.39,1,0,2,0.48,19,3,3,2012,462.0
0.53,2,0,1,0.32,21,6,2,2011,46.0
0.42,1,0,3,0.74,16,6,6,2011,421.0
0.93,3,0,1,0.36,6,3,1,2012,63.0
0.75,1,0,1,0.26,6,5,1,2012,17.0
0.81,2,0,1,0.26,12,5,2,2012,239.0
0.69,2,0,3,0.64,1,5,9,2011,78.0
0.93,3,0,1,0.22,14,2,12,2012,-1.0
0.61,1,0,3,0.64,8,6,6,2011,133.0
0.34,1,0,1,0.36,21,4,3,2012,138.0
0.81,2,0,4,0.3,2,2,10,2012,6.0
0.56,1,0,3,0.82,11,6,8,2012,432.0
0.73,2,0,2,0.6,7,6,6,2011,50.0
0.94,1,0,2,0.56,6,4,6,2011,100.0
0.52,1,0,2,0.56,1,6,5,2012,101.0
0.84,2,0,2,0.72,6,3,6,2011,113.0
0.69,1,0,4,0.22,2,4,12,2012,14.0
0.5,1,0,4,0.42,14,2,12,2012,222.0
0.2,1,0,2,0.4,17,1,3,2011,309.0
0.57,2,0,1,0.34,11,1,3,2011,72.0
0.56,2,0,3,0.82,15,2,6,2011,143.0
0.34,1,0,3,0.86,14,0,7,2012,231.0
1.0,2,0,1,0.42,2,6,1,2011,22.0
0.87,1,0,4,0.34,0,1,11,2011,18.0
0.35,1,0,3,0.76,11,2,6,2011,174.0
0.93,3,0,2,0.24,3,3,3,2011,1.0
0.53,2,0,2,0.36,11,4,3,2012,213.0
0.41,1,0,1,0.26,12,1,3,2012,142.0
0.39,2,0,3,0.7,13,0,8,2011,212.0
0.28,1,0,2,0.74,11,3,6,2011,153.0
0.62,1,0,2,0.78,19,1,5,2011,328.0
0.88,1,1,4,0.56,21,0,10,2011,134.0
0.87,2,0,1,0.36,20,4,3,2012,133.0
0.36,1,0,1,0.14,10,2,2,2011,47.0
0.67,1,0,2,0.44,22,5,4,2011,115.0
0.22,1,0,2,0.32,20,0,3,2011,118.0
0.49,2,0,3,0.8,23,1,8,2011,108.0
0.51,1,0,4,0.46,19,5,11,2012,336.0
0.35,1,0,4,0.24,20,5,12,2011,131.0
0.77,1,0,4,0.44,1,0,10,2012,23.0
0.4,1,0,2,0.58,9,4,6,2011,236.0
0.6,1,0,1,0.24,3,6,3,2012,20.0
0.4,2,0,4,0.38,12,4,10,2011,214.0
1.0,2,0,2,0.46,5,0,4,2011,5.0
0.77,1,0,2,0.52,20,6,5,2011,185.0
0.68,1,0,4,0.5,21,4,10,2011,166.0
0.6,1,0,1,0.26,21,6,2,2011,49.0
1.0,1,0,2,0.5,4,0,5,2011,2.0
0.47,1,0,1,0.22,1,6,12,2012,44.0
0.24,1,0,3,0.9,13,6,7,2011,332.0
0.69,2,0,3,0.64,23,2,9,2011,106.0
0.26,1,0,1,0.44,18,4,3,2012,405.0
0.88,2,0,2,0.54,0,2,5,2011,29.0
0.87,2,0,2,0.36,7,5,3,2012,110.0
0.35,1,1,1,0.24,8,0,1,2012,186.0
0.72,2,0,4,0.46,15,0,12,2011,175.0
0.78,2,0,2,0.66,6,6,6,2011,20.0
0.89,1,1,3,0.64,6,0,7,2011,30.0
0.54,2,0,4,0.44,13,1,12,2011,166.0
0.28,1,0,2,0.74,13,5,6,2011,416.0
0.62,2,0,2,0.72,18,5,6,2011,324.0
0.93,2,0,1,0.3,4,2,3,2011,0.0
0.51,1,0,3,0.72,13,0,6,2012,293.0
0.59,1,0,2,0.52,2,6,6,2012,74.0
0.84,2,0,2,0.72,2,3,6,2011,11.0
0.64,2,0,2,0.54,14,1,4,2011,112.0
0.7,2,0,4,0.7,12,2,10,2012,299.0
0.5,1,0,4,0.36,18,0,11,2012,551.0
0.51,1,0,4,0.5,13,2,11,2011,170.0
0.45,2,0,3,0.52,12,4,9,2011,237.0
0.4,1,0,3,0.92,18,5,7,2011,216.0
0.36,1,0,2,0.66,14,5,5,2012,638.0
0.41,1,0,4,0.62,12,5,9,2012,712.0
0.5,1,0,2,0.62,13,2,5,2011,157.0
0.62,1,0,3,0.76,10,0,7,2011,132.0
0.52,1,0,3,0.82,21,5,6,2012,266.0
0.29,1,0,1,0.36,16,6,2,2011,177.0
0.27,1,0,2,0.5,10,0,4,2012,193.0
0.64,1,0,1,0.6,21,0,3,2012,255.0
0.54,1,0,3,0.72,18,1,8,2012,833.0
0.65,2,0,1,0.24,22,3,1,2011,52.0
0.68,2,0,3,0.52,5,2,9,2012,43.0
0.46,1,0,4,0.36,17,4,11,2012,573.0
0.69,1,0,1,0.22,4,2,12,2012,-6.0
0.54,1,0,1,0.12,7,2,2,2011,95.0
0.49,1,0,2,0.6,9,2,6,2011,224.0
0.7,1,0,3,0.74,21,0,8,2012,298.0
0.7,2,0,4,0.26,4,2,11,2012,9.0
0.77,1,0,4,0.48,9,4,10,2011,215.0
0.39,1,0,1,0.32,11,6,2,2011,127.0
0.88,1,1,4,0.48,2,0,10,2011,26.0
0.79,1,0,3,0.7,21,6,7,2012,200.0
0.49,1,0,2,0.58,23,0,6,2012,118.0
0.63,1,0,4,0.46,9,0,10,2012,350.0
0.62,1,0,4,0.44,8,3,10,2011,417.0
0.6,2,0,1,0.24,10,0,3,2012,120.0
0.93,2,0,1,0.26,10,2,1,2011,60.0
0.68,1,0,1,0.52,10,3,3,2012,193.0
0.78,2,0,2,0.6,2,1,6,2012,11.0
0.39,2,0,1,0.54,3,5,3,2011,2.0
0.88,1,0,3,0.6,6,0,8,2011,100.0
0.47,1,0,1,0.16,16,0,1,2011,65.0
0.52,1,0,2,0.78,16,6,5,2012,537.0
1.0,3,0,2,0.4,2,2,4,2011,1.0
0.38,2,0,2,0.26,23,4,3,2011,31.0
0.93,1,0,1,0.12,6,2,1,2011,35.0
0.46,2,0,4,0.34,14,2,12,2012,207.0
0.42,1,0,2,0.7,12,3,6,2012,306.0
0.48,1,0,2,0.72,17,3,6,2012,806.0
0.38,1,0,4,0.46,13,4,11,2012,363.0
0.94,3,0,1,0.42,10,4,2,2011,67.0
0.88,2,0,2,0.52,8,3,5,2011,420.0
0.65,1,0,4,0.62,15,3,10,2012,317.0
0.53,1,0,3,0.64,3,5,7,2011,26.0
0.52,2,0,4,0.52,14,3,12,2011,152.0
0.35,1,0,2,0.4,22,4,4,2012,144.0
0.89,3,0,3,0.66,23,6,9,2012,97.0
0.51,1,0,3,0.7,9,2,8,2012,345.0
1.0,2,0,1,0.42,6,4,1,2012,78.0
0.76,1,0,4,0.4,21,1,11,2011,139.0
0.55,1,0,1,0.22,9,4,2,2012,237.0
0.57,1,0,1,0.34,11,5,1,2012,277.0
0.81,1,0,4,0.24,8,4,12,2011,335.0
0.7,1,0,3,0.7,23,1,6,2011,78.0
0.46,1,0,1,0.34,19,1,3,2012,284.0
0.57,1,0,3,0.66,20,2,8,2011,286.0
0.6,1,0,1,0.26,3,5,1,2012,19.0
0.82,2,0,2,0.42,19,1,4,2011,172.0
0.62,1,0,1,0.4,1,4,3,2011,7.0
0.78,3,0,4,0.6,12,0,10,2012,258.0
0.69,3,0,4,0.62,16,4,10,2012,265.0
0.87,1,0,4,0.36,0,6,10,2011,69.0
0.93,3,0,1,0.22,6,2,2,2011,22.0
0.27,1,0,1,0.52,17,6,3,2012,414.0
0.87,3,0,1,0.36,21,4,3,2012,88.0
0.69,2,0,3,0.64,10,0,8,2012,195.0
0.58,1,0,2,0.7,12,3,5,2012,279.0
0.56,1,0,1,0.28,22,1,3,2012,92.0
0.27,1,0,2,0.5,17,3,4,2012,788.0
0.94,1,0,1,0.42,2,4,1,2012,11.0
0.88,2,0,2,0.5,3,2,3,2012,9.0
0.69,2,0,2,0.66,3,1,6,2012,3.0
0.68,2,0,2,0.52,4,1,5,2012,0.0
0.87,3,0,4,0.28,0,5,10,2011,46.0
0.83,1,0,3,0.66,23,5,7,2012,212.0
0.47,1,0,3,0.86,13,1,7,2011,144.0
0.83,1,0,3,0.66,4,1,7,2012,11.0
0.94,2,0,2,0.56,5,2,4,2011,18.0
0.87,3,0,1,0.38,9,5,3,2012,166.0
0.56,2,0,4,0.26,8,5,12,2011,99.0
0.83,1,0,2,0.58,8,1,4,2011,426.0
0.39,1,0,1,0.48,12,0,3,2012,191.0
0.53,1,0,2,0.58,8,2,6,2011,465.0
0.65,2,0,4,0.3,5,4,11,2012,33.0
0.69,1,0,4,0.22,5,0,11,2012,29.0
0.4,1,0,1,0.38,17,0,3,2011,254.0
0.35,1,0,1,0.24,13,0,1,2011,52.0
0.49,1,0,3,0.56,8,1,6,2012,687.0
0.48,1,0,1,0.26,23,3,1,2012,76.0
0.58,1,0,3,0.74,12,0,8,2011,176.0
0.66,1,0,4,0.34,7,6,11,2011,65.0
0.48,2,0,3,0.52,17,4,9,2011,510.0
0.87,3,0,2,0.3,7,0,3,2011,94.0
0.65,2,0,3,0.64,15,0,9,2012,305.0
0.36,1,0,2,0.64,17,5,6,2012,610.0
0.46,1,0,1,0.34,21,0,3,2011,82.0
0.65,2,0,1,0.24,1,2,1,2011,4.0
0.71,2,0,2,0.4,11,6,4,2012,342.0
0.32,1,0,1,0.2,8,1,2,2011,225.0
0.56,1,0,1,0.3,19,3,12,2011,111.0
0.94,1,0,3,0.62,23,4,9,2011,138.0
0.74,3,0,2,0.66,23,1,5,2011,91.0
0.25,1,0,1,0.34,15,2,2,2011,77.0
0.71,1,0,4,0.42,1,1,12,2012,18.0
0.93,3,0,2,0.32,17,4,4,2011,80.0
0.25,1,0,1,0.36,18,5,2,2011,128.0
0.49,1,0,1,0.32,20,2,1,2011,91.0
0.94,2,0,2,0.46,10,3,4,2012,179.0
0.46,1,0,2,0.58,19,3,4,2012,536.0
0.48,1,0,2,0.52,18,4,4,2011,412.0
0.68,1,0,3,0.56,4,0,8,2011,6.0
0.33,1,0,2,0.74,14,5,6,2011,424.0
0.83,1,0,3,0.6,5,5,8,2011,14.0
0.6,3,0,2,0.58,23,0,4,2011,47.0
0.21,1,0,2,0.58,16,1,4,2012,397.0
0.83,1,0,2,0.58,7,2,5,2012,471.0
0.53,1,0,4,0.6,12,4,10,2011,265.0
0.94,2,0,4,0.54,8,4,10,2012,640.0
0.56,1,0,1,0.3,15,6,1,2011,101.0
0.83,2,0,3,0.64,10,1,6,2011,100.0
0.73,1,0,2,0.6,18,2,5,2011,503.0
0.38,1,0,1,0.64,15,3,3,2012,226.0
0.83,1,0,3,0.64,4,2,8,2012,10.0
0.32,2,0,1,0.54,13,0,3,2012,222.0
0.88,3,0,4,0.6,1,4,9,2012,22.0
0.65,1,0,2,0.64,10,6,5,2011,308.0
0.68,1,0,3,0.54,23,3,9,2012,141.0
0.3,1,0,3,0.72,14,1,8,2011,222.0
0.77,1,0,2,0.42,6,5,5,2011,17.0
0.33,1,0,2,0.6,20,0,4,2011,199.0
0.84,2,0,3,0.7,15,4,7,2012,294.0
0.71,2,0,1,0.42,18,3,1,2012,386.0
0.42,1,0,1,0.08,0,2,1,2012,9.0
0.54,1,0,4,0.4,20,5,10,2012,240.0
0.74,1,0,3,0.7,7,4,8,2012,436.0
0.83,2,0,3,0.64,6,5,7,2011,17.0
0.65,1,0,3,0.64,5,2,7,2012,38.0
0.44,1,0,4,0.24,23,5,11,2012,76.0
0.45,2,0,1,0.32,10,6,3,2011,106.0
0.94,2,0,2,0.64,3,1,5,2011,8.0
0.84,1,0,3,0.7,5,4,7,2012,33.0
0.65,2,0,1,0.3,4,1,12,2011,-1.0
0.71,1,0,4,0.36,4,6,10,2012,10.0
0.44,1,0,1,0.44,6,5,3,2011,9.0
1.0,1,0,2,0.54,2,0,4,2011,2.0
0.41,1,0,4,0.46,13,2,12,2012,255.0
0.79,1,0,3,0.72,17,6,8,2011,289.0
0.62,1,0,4,0.36,22,5,12,2012,155.0
0.34,1,0,3,0.82,15,1,8,2012,351.0
0.42,1,0,4,0.5,19,6,10,2012,361.0
0.76,1,1,1,0.32,12,1,12,2012,91.0
0.79,1,0,3,0.7,20,6,8,2011,182.0
0.86,3,0,1,0.16,21,6,1,2012,49.0
0.51,1,0,2,0.46,9,3,4,2011,204.0
0.58,1,0,1,0.4,14,2,1,2011,75.0
0.83,1,0,3,0.68,23,2,7,2011,123.0
0.39,1,0,3,0.86,15,1,8,2011,166.0
0.34,2,0,2,0.34,16,4,3,2011,143.0
0.84,2,0,3,0.72,18,3,8,2011,356.0
0.93,3,0,4,0.36,22,6,12,2012,36.0
0.66,2,0,1,0.32,15,5,2,2012,276.0
0.61,1,0,2,0.62,11,5,4,2012,565.0
0.42,1,0,4,0.32,17,3,11,2011,371.0
0.43,1,0,1,0.14,22,6,2,2012,39.0
0.26,1,0,2,0.68,19,4,6,2011,351.0
0.84,1,0,3,0.7,23,0,8,2012,108.0
0.93,1,0,1,0.34,13,2,2,2011,63.0
0.73,1,1,4,0.56,10,0,10,2011,234.0
0.4,1,0,1,0.16,21,6,1,2012,54.0
0.48,2,0,4,0.48,17,3,10,2011,428.0
0.62,1,0,4,0.4,7,6,10,2011,69.0
0.68,1,0,2,0.56,9,6,6,2012,288.0
0.73,1,0,3,0.56,5,0,8,2011,19.0
0.51,1,0,1,0.5,20,2,3,2012,289.0
0.43,1,0,3,0.6,1,2,6,2012,19.0
0.58,2,0,4,0.4,18,0,11,2012,576.0
0.93,1,0,4,0.36,7,1,12,2012,383.0
0.53,1,0,4,0.6,14,0,12,2012,288.0
0.54,1,0,3,0.72,10,5,7,2011,298.0
0.29,1,0,1,0.34,13,6,2,2011,168.0
0.88,1,0,3,0.56,2,5,9,2012,76.0
0.24,1,0,2,0.32,17,5,3,2011,209.0
0.83,2,0,2,0.54,2,6,5,2012,80.0
0.58,2,0,3,0.7,11,0,6,2011,157.0
0.3,1,0,3,0.86,14,1,7,2011,144.0
0.87,3,0,1,0.24,20,2,2,2012,108.0
0.81,2,0,1,0.36,11,2,3,2011,72.0
0.49,1,0,1,0.1,0,4,2,2011,15.0
0.82,3,0,1,0.42,14,1,12,2011,39.0
0.51,1,0,3,0.68,23,4,8,2011,143.0
0.53,1,0,1,0.34,12,5,3,2011,151.0
0.39,1,0,4,0.54,18,5,10,2011,341.0
0.31,1,0,3,0.92,15,1,7,2012,288.0
0.94,2,0,3,0.54,4,1,9,2011,3.0
0.65,1,0,2,0.26,7,2,4,2011,147.0
0.93,2,0,4,0.36,23,4,12,2012,81.0
0.46,2,0,4,0.62,12,1,10,2012,303.0
0.46,1,0,1,0.36,16,1,2,2012,226.0
0.59,1,0,1,0.46,22,2,3,2012,135.0
0.4,1,0,1,0.16,20,1,2,2011,75.0
0.87,2,0,4,0.3,1,6,12,2012,90.0
0.29,1,0,1,0.52,18,6,3,2012,364.0
0.59,1,0,1,0.16,9,2,1,2011,129.0
0.52,1,0,3,0.78,23,1,7,2011,116.0
0.61,1,0,3,0.66,8,0,8,2011,396.0
0.42,1,0,1,0.52,19,5,1,2012,277.0
0.78,2,0,2,0.62,12,3,4,2011,138.0
0.74,1,0,3,0.66,3,1,8,2011,5.0
0.49,1,0,2,0.3,23,1,4,2011,35.0
0.82,1,0,2,0.4,3,6,5,2011,26.0
0.74,1,0,3,0.72,3,3,6,2012,7.0
0.82,1,0,2,0.5,6,5,5,2011,19.0
0.65,1,0,2,0.64,2,3,5,2012,7.0
0.83,3,0,4,0.58,6,1,10,2012,118.0
0.65,1,0,2,0.64,16,2,5,2012,380.0
0.61,2,0,3,0.68,22,3,8,2012,237.0
0.59,1,0,1,0.2,8,1,3,2011,257.0
0.73,2,0,3,0.62,20,0,9,2012,370.0
0.64,1,0,2,0.58,16,3,5,2011,288.0
0.83,1,0,3,0.64,4,6,9,2011,7.0
0.94,2,0,1,0.44,0,5,3,2012,65.0
0.66,1,0,3,0.78,0,5,7,2012,142.0
0.46,1,0,2,0.36,9,2,4,2011,145.0
0.3,1,0,3,0.86,15,4,8,2012,373.0
0.62,2,0,2,0.44,7,1,5,2011,198.0
0.7,1,0,3,0.72,0,4,8,2012,85.0
0.89,1,0,3,0.64,0,6,8,2012,130.0
0.64,2,0,1,0.18,1,4,3,2011,6.0
0.46,1,0,1,0.36,21,2,2,2011,79.0
0.48,1,0,2,0.52,12,3,5,2012,282.0
0.88,3,0,4,0.44,21,2,11,2011,69.0
0.62,2,0,4,0.4,12,6,10,2011,287.0
0.65,1,0,3,0.66,23,1,8,2011,97.0
0.63,1,0,4,0.5,18,1,12,2012,714.0
0.94,3,0,4,0.48,16,2,11,2011,83.0
0.73,2,0,3,0.64,9,3,9,2011,211.0
0.51,1,0,4,0.44,0,3,10,2012,90.0
0.5,1,0,1,0.4,7,5,3,2011,33.0
0.76,1,0,1,0.38,9,5,12,2011,85.0
0.88,3,0,3,0.54,21,1,9,2011,126.0
0.78,2,0,3,0.62,7,0,8,2012,417.0
0.82,3,0,1,0.4,4,3,2,2012,6.0
0.83,1,0,3,0.68,4,1,8,2012,8.0
0.26,1,0,1,0.54,15,1,1,2012,162.0
0.46,1,0,1,0.14,10,6,1,2011,57.0
0.89,2,0,3,0.66,4,1,9,2012,9.0
0.75,2,0,4,0.3,15,1,11,2012,210.0
0.68,2,0,2,0.54,6,1,4,2011,70.0
0.83,1,0,2,0.62,1,5,6,2011,75.0
0.83,1,0,2,0.66,5,2,6,2012,39.0
0.79,1,0,3,0.72,1,2,8,2012,30.0
0.62,2,0,2,0.44,12,2,5,2011,168.0
0.69,2,0,1,0.2,2,4,1,2011,3.0
0.74,3,0,3,0.72,11,4,7,2012,256.0
0.77,1,0,1,0.52,20,6,3,2012,257.0
0.79,1,0,3,0.68,0,1,7,2012,54.0
0.55,1,0,3,0.74,16,0,6,2011,294.0
0.39,1,0,2,0.66,16,2,5,2011,283.0
0.63,2,0,4,0.5,3,6,10,2012,42.0
0.57,1,1,4,0.32,0,3,11,2011,31.0
0.39,2,0,3,0.88,19,3,7,2012,458.0
0.56,2,0,1,0.24,7,6,1,2011,-2.0
0.7,1,0,3,0.74,0,6,8,2012,129.0
0.39,1,0,4,0.52,14,4,11,2011,220.0
0.57,1,0,3,0.62,2,6,6,2011,71.0
0.53,1,0,2,0.32,21,4,4,2011,88.0
0.43,1,0,2,0.56,0,3,4,2011,38.0
0.8,2,0,1,0.16,9,6,1,2011,32.0
0.94,2,0,2,0.52,6,1,5,2011,73.0
0.45,1,0,3,0.7,0,3,8,2011,48.0
1.0,3,0,1,0.44,17,2,12,2011,126.0
0.39,1,0,2,0.32,13,4,3,2011,134.0
0.53,1,0,4,0.6,11,1,10,2012,249.0
0.58,1,1,2,0.76,20,0,5,2011,233.0
0.8,1,0,4,0.22,4,4,12,2011,10.0
0.47,2,1,1,0.18,13,0,1,2011,102.0
0.83,3,0,3,0.54,10,1,9,2011,57.0
0.47,1,0,1,0.16,19,0,1,2011,103.0
0.93,3,0,1,0.34,9,4,2,2011,80.0
0.65,2,0,2,0.66,11,2,5,2012,214.0
0.69,2,0,3,0.62,2,6,8,2012,83.0
0.61,1,0,1,0.3,2,5,2,2012,35.0
0.66,1,0,4,0.36,10,6,11,2011,199.0
0.58,1,0,3,0.74,6,2,7,2011,110.0
0.88,3,0,4,0.44,0,0,10,2012,19.0
0.53,2,0,3,0.84,14,1,7,2012,243.0
0.73,1,0,2,0.54,6,3,5,2012,167.0
0.93,3,0,1,0.32,22,2,3,2011,29.0
0.25,1,0,1,0.34,15,5,3,2012,319.0
0.81,2,0,4,0.36,9,3,11,2011,190.0
0.94,2,0,2,0.5,8,5,3,2012,182.0
0.87,1,0,1,0.22,6,5,2,2012,15.0
0.55,1,0,1,0.18,22,2,1,2011,30.0
0.52,1,0,2,0.52,18,6,4,2012,448.0
0.56,2,0,1,0.26,1,6,12,2012,55.0
0.43,1,0,3,0.82,21,1,7,2011,225.0
0.38,1,0,1,0.42,13,1,1,2012,163.0
0.66,2,0,3,0.74,10,3,8,2011,125.0
0.7,2,0,4,0.32,2,1,11,2012,8.0
0.44,1,0,1,0.2,1,2,2,2011,3.0
0.49,1,0,1,0.3,13,3,12,2012,125.0
0.24,2,0,2,0.7,20,0,4,2011,192.0
0.48,2,0,4,0.48,14,3,10,2011,184.0
0.44,2,0,2,0.26,12,6,3,2011,169.0
0.7,1,0,3,0.72,6,5,7,2011,23.0
0.82,1,0,2,0.42,4,6,5,2011,14.0
0.54,1,0,1,0.12,7,6,1,2012,19.0
0.87,1,0,4,0.26,8,6,12,2011,96.0
0.48,1,0,3,0.7,20,5,6,2011,262.0
0.71,1,0,4,0.36,7,4,10,2011,240.0
0.6,1,0,4,0.26,6,5,11,2011,17.0
0.59,1,0,3,0.8,3,6,7,2012,20.0
0.28,1,0,1,0.3,14,2,1,2011,59.0
0.51,1,0,3,0.74,1,4,6,2012,21.0
0.63,1,0,1,0.52,1,2,3,2012,20.0
0.37,1,0,1,0.38,23,4,2,2012,90.0
0.64,1,0,2,0.56,21,4,5,2011,193.0
0.66,2,0,1,0.32,21,4,2,2012,137.0
0.4,1,0,3,0.74,13,1,8,2012,317.0
0.74,1,0,3,0.72,9,3,8,2011,209.0
0.39,2,0,2,0.5,7,2,4,2012,398.0
0.57,1,0,1,0.34,13,5,1,2012,317.0
0.55,1,0,2,0.74,17,3,5,2012,739.0
0.7,1,0,1,0.3,6,3,2,2011,50.0
0.46,1,0,4,0.34,20,3,12,2011,187.0
0.52,1,0,3,0.8,17,1,7,2012,816.0
0.63,2,0,2,0.48,6,3,4,2012,130.0
0.78,2,0,4,0.66,11,6,9,2011,350.0
0.83,2,0,3,0.62,6,4,8,2012,137.0
0.4,1,0,1,0.38,0,6,1,2012,84.0
0.51,2,0,1,0.2,12,1,1,2011,60.0
0.66,2,0,3,0.76,9,2,8,2012,359.0
0.87,1,0,4,0.4,5,0,11,2011,17.0
0.84,1,0,3,0.7,21,0,7,2011,170.0
0.34,1,0,2,0.7,12,2,6,2011,215.0
0.49,1,0,4,0.3,0,5,12,2011,68.0
0.42,1,0,2,0.52,7,4,4,2011,284.0
1.0,3,0,1,0.3,19,6,3,2011,31.0
0.89,2,0,3,0.68,6,0,7,2012,138.0
0.62,1,0,4,0.36,19,5,12,2012,279.0
0.89,1,0,3,0.64,5,5,8,2011,15.0
0.4,1,0,3,0.76,10,6,6,2012,404.0
0.52,1,0,1,0.3,0,5,1,2012,68.0
0.77,2,0,2,0.42,7,6,5,2011,33.0
0.69,1,0,4,0.2,2,0,12,2011,7.0
0.47,2,0,1,0.44,22,2,2,2012,126.0
0.88,1,0,4,0.6,7,3,9,2011,331.0
0.54,2,0,2,0.44,20,1,3,2011,142.0
0.27,1,0,3,0.9,16,5,7,2011,327.0
0.77,1,0,4,0.5,8,1,10,2011,430.0
0.54,1,0,4,0.38,13,5,12,2012,448.0
0.65,1,0,2,0.68,9,2,5,2011,220.0
0.77,1,0,2,0.5,18,6,4,2011,195.0
0.38,1,0,2,0.64,17,0,6,2012,809.0
0.75,3,0,1,0.3,6,1,1,2012,48.0
0.83,2,0,2,0.58,1,1,5,2012,11.0
0.76,2,0,1,0.4,21,3,1,2012,166.0
0.6,1,0,1,0.6,13,5,3,2012,603.0
0.6,1,0,2,0.56,9,5,6,2012,338.0
0.64,1,0,2,0.56,0,6,5,2012,149.0
0.81,1,0,4,0.3,3,5,11,2011,15.0
0.36,1,0,1,0.46,14,0,2,2012,154.0
0.57,2,0,1,0.04,5,6,1,2011,0.0
0.82,1,0,4,0.46,0,5,10,2012,161.0
0.67,2,0,2,0.42,10,3,4,2011,88.0
0.74,1,0,4,0.66,17,5,9,2011,430.0
0.49,1,0,4,0.32,19,1,11,2012,399.0
0.32,1,0,1,0.22,17,1,2,2011,175.0
0.77,1,0,3,0.5,4,0,9,2012,13.0
0.59,2,0,3,0.84,12,0,7,2011,141.0
0.72,2,0,2,0.52,16,6,4,2011,280.0
0.81,3,0,1,0.3,8,1,1,2012,315.0
0.69,1,0,2,0.6,23,4,3,2012,199.0
0.87,2,0,4,0.3,7,2,10,2012,352.0
1.0,2,0,4,0.44,6,2,11,2011,68.0
0.76,1,1,4,0.4,3,0,11,2012,8.0
0.31,1,0,3,0.8,14,2,6,2011,178.0
0.75,3,0,1,0.22,16,5,2,2012,149.0
0.94,3,0,4,0.6,6,2,9,2011,99.0
0.75,2,0,1,0.24,17,1,2,2011,175.0
0.69,2,0,4,0.22,10,0,12,2011,128.0
0.87,2,0,1,0.4,9,2,12,2011,175.0
0.4,1,0,3,0.76,9,1,7,2011,219.0
0.55,1,0,3,0.8,17,1,8,2011,570.0
0.62,1,0,3,0.76,17,3,8,2011,496.0
0.37,1,0,2,0.7,13,5,5,2012,635.0
0.83,1,0,3,0.66,6,3,8,2011,105.0
0.79,1,0,3,0.7,7,3,8,2012,490.0
0.58,1,0,4,0.38,18,5,12,2012,349.0
0.46,2,0,2,0.36,12,2,4,2012,207.0
0.65,1,0,2,0.66,19,0,6,2011,375.0
0.71,1,0,4,0.42,3,1,9,2012,9.0
0.32,1,0,1,0.2,7,1,2,2011,91.0
0.48,2,0,3,0.7,20,6,6,2011,245.0
0.77,1,0,4,0.52,10,5,10,2011,246.0
0.51,2,0,3,0.7,23,3,7,2012,180.0
0.42,1,0,3,0.88,13,5,8,2012,506.0
0.88,3,0,2,0.56,5,1,5,2012,25.0
0.94,2,0,4,0.38,7,3,11,2011,257.0
0.34,1,0,2,0.68,19,6,6,2012,456.0
0.63,2,0,4,0.5,4,6,10,2012,16.0
0.43,1,0,1,0.38,20,2,2,2011,99.0
0.65,1,0,1,0.24,8,2,3,2011,288.0
0.87,2,1,1,0.24,0,0,2,2012,32.0
0.65,1,0,3,0.66,1,0,8,2012,26.0
0.67,1,0,4,0.42,6,1,10,2012,165.0
0.69,1,0,3,0.64,23,0,8,2011,82.0
0.75,2,0,1,0.3,23,4,3,2011,31.0
0.72,1,0,4,0.46,9,6,11,2011,129.0
0.87,1,0,4,0.3,5,2,11,2011,19.0
0.36,1,0,3,0.66,14,0,9,2012,327.0
0.66,1,0,2,0.76,15,5,5,2012,562.0
0.62,1,0,3,0.78,19,6,7,2012,312.0
0.51,1,0,1,0.18,6,1,3,2012,85.0
0.62,1,0,3,0.78,16,4,8,2011,314.0
0.6,1,0,1,0.26,5,6,2,2011,3.0
0.8,1,0,1,0.22,9,5,2,2012,147.0
0.87,2,0,2,0.38,20,5,4,2011,97.0
0.59,1,0,3,0.84,22,5,7,2012,218.0
0.43,1,0,3,0.74,12,2,8,2011,198.0
0.51,2,0,1,0.44,2,2,1,2012,3.0
0.88,2,0,4,0.52,4,3,10,2012,10.0
0.83,2,0,4,0.62,12,5,9,2011,341.0
0.46,1,0,1,0.56,18,2,2,2012,596.0
0.53,1,0,1,0.34,21,2,2,2012,150.0
0.48,1,0,1,0.24,20,2,2,2011,94.0
0.69,2,0,3,0.66,7,2,8,2012,459.0
0.31,1,0,1,0.34,14,6,12,2012,250.0
0.48,1,0,3,0.74,21,5,7,2011,238.0
0.58,2,0,3,0.76,0,0,7,2012,54.0
0.94,1,0,2,0.44,4,4,5,2011,13.0
0.57,1,0,3,0.76,13,0,8,2012,291.0
0.94,2,0,2,0.52,10,5,5,2011,180.0
0.53,1,0,1,0.34,20,4,1,2012,184.0
1.0,3,0,4,0.44,9,2,12,2011,59.0
0.78,1,0,2,0.56,15,3,5,2011,196.0
0.31,1,0,3,0.78,14,3,6,2011,188.0
0.33,1,0,2,0.62,13,5,4,2012,649.0
0.38,1,0,1,0.42,11,1,1,2012,133.0
0.76,1,0,4,0.36,6,0,10,2012,144.0
0.52,1,0,3,0.56,3,1,8,2011,4.0
0.35,1,1,3,0.9,13,2,7,2012,412.0
0.47,1,0,2,0.4,6,0,4,2012,109.0
0.55,2,0,3,0.74,19,4,8,2012,526.0
0.83,3,0,3,0.6,23,6,8,2011,69.0
0.26,1,0,1,0.32,13,6,1,2012,273.0
0.88,2,0,3,0.6,10,2,9,2011,97.0
0.88,2,0,3,0.54,7,1,9,2011,247.0
0.73,1,0,4,0.54,0,2,10,2012,65.0
0.46,1,0,1,0.38,12,2,2,2012,174.0
0.18,1,0,4,0.44,14,3,11,2012,227.0
0.52,1,0,1,0.3,8,6,1,2012,54.0
0.65,1,0,4,0.28,2,3,12,2011,12.0
0.59,1,0,3,0.8,9,6,8,2012,265.0
0.84,2,0,3,0.7,1,6,8,2011,77.0
0.75,1,0,4,0.22,4,5,12,2011,8.0
0.66,3,0,2,0.72,14,4,6,2012,234.0
0.33,1,0,2,0.46,13,4,4,2012,351.0
0.65,2,0,3,0.68,18,4,9,2011,503.0
0.45,2,0,3,0.54,14,4,9,2011,220.0
0.6,2,0,1,0.24,11,1,1,2011,58.0
0.69,1,0,4,0.2,3,0,11,2012,10.0
0.79,3,0,3,0.72,23,1,7,2011,100.0
0.28,1,0,2,0.54,15,4,4,2012,352.0
0.79,2,0,3,0.72,10,6,9,2012,378.0
0.93,2,0,1,0.3,7,2,3,2011,119.0
1.0,2,0,2,0.5,3,0,4,2011,0.0
0.68,1,0,1,0.56,11,0,3,2012,230.0
0.55,2,0,4,0.48,12,4,11,2011,215.0
0.87,3,0,4,0.4,21,0,11,2011,74.0
0.59,3,0,4,0.46,7,2,12,2012,291.0
0.39,1,0,3,0.86,20,4,7,2012,347.0
0.62,1,0,4,0.72,14,2,9,2011,192.0
0.74,1,0,3,0.7,9,5,9,2012,329.0
0.74,1,0,2,0.66,21,5,5,2011,202.0
0.48,2,0,1,0.26,0,4,1,2012,30.0
0.47,1,0,2,0.46,1,0,4,2011,8.0
0.41,1,0,2,0.62,14,0,5,2011,179.0
0.45,2,0,1,0.32,14,6,2,2012,248.0
0.86,2,0,1,0.2,15,4,1,2011,58.0
0.66,1,0,2,0.72,9,6,6,2011,183.0
0.94,3,0,4,0.4,9,1,11,2011,79.0
0.71,1,0,1,0.42,11,5,12,2011,153.0
0.69,2,0,3,0.6,15,3,9,2011,178.0
0.54,1,0,2,0.7,11,6,5,2011,360.0
0.7,3,0,1,0.32,11,3,2,2012,97.0
0.52,1,1,1,0.28,21,0,1,2012,87.0
0.45,1,0,1,0.06,10,2,1,2012,80.0
0.42,1,1,4,0.34,12,4,11,2011,207.0
0.87,3,0,1,0.24,14,0,12,2012,14.0
0.66,3,0,3,0.76,16,1,8,2012,423.0
0.43,1,0,4,0.38,19,2,12,2012,407.0
0.47,2,0,1,0.2,3,2,2,2011,2.0
0.66,1,0,3,0.78,3,5,7,2011,16.0
0.87,3,0,4,0.26,7,5,10,2011,-16.0
0.66,3,0,1,0.32,9,1,12,2011,106.0
0.48,1,0,4,0.52,20,2,10,2012,394.0
0.41,1,0,3,0.82,17,0,8,2012,809.0
0.42,1,0,4,0.3,14,3,12,2012,220.0
0.49,1,0,4,0.34,20,0,11,2012,249.0
0.74,1,0,3,0.7,2,0,8,2011,8.0
0.76,2,0,4,0.4,10,3,11,2011,100.0
0.83,2,1,3,0.64,5,0,7,2011,27.0
0.74,1,0,1,0.12,7,1,1,2011,81.0
0.65,1,0,4,0.3,22,5,11,2011,95.0
0.82,2,0,1,0.46,7,1,3,2012,349.0
0.54,1,0,1,0.1,8,0,2,2012,357.0
0.69,1,0,3,0.62,5,5,9,2011,7.0
0.49,2,0,2,0.56,13,0,4,2011,150.0
0.6,1,0,1,0.24,5,4,1,2011,5.0
0.41,1,0,1,0.46,15,4,2,2011,177.0
0.74,2,0,2,0.66,4,6,6,2011,12.0
0.72,1,0,2,0.52,5,6,5,2012,18.0
0.5,1,0,2,0.64,21,5,5,2012,289.0
0.62,1,0,3,0.72,10,5,8,2012,437.0
0.43,1,0,4,0.38,19,2,11,2012,393.0
0.61,1,0,1,0.28,23,1,3,2011,26.0
0.32,1,0,3,0.84,11,4,7,2012,261.0
0.25,1,0,3,0.86,14,3,6,2012,263.0
0.56,1,0,2,0.54,9,0,5,2011,189.0
0.87,1,0,4,0.26,6,2,11,2011,66.0
0.39,1,0,1,0.3,20,6,1,2012,95.0
0.93,2,0,2,0.3,21,4,4,2011,61.0
0.45,1,0,3,0.76,20,2,7,2011,317.0
0.64,1,0,1,0.22,4,1,2,2012,6.0
0.74,1,0,3,0.66,9,6,8,2011,169.0
0.43,1,0,4,0.4,13,6,11,2012,466.0
0.88,1,0,4,0.44,7,3,10,2012,464.0
0.65,1,0,2,0.66,17,3,3,2012,752.0
1.0,3,0,1,0.22,15,5,2,2011,54.0
0.81,1,0,1,0.3,9,4,3,2012,267.0
0.22,1,0,2,0.54,12,1,4,2012,273.0
0.75,1,0,2,0.76,22,2,6,2011,168.0
0.87,3,0,2,0.3,13,3,3,2011,58.0
0.44,2,0,1,0.02,6,5,1,2011,-2.0
0.29,1,0,3,0.94,18,5,7,2012,327.0
0.27,1,1,1,0.38,17,0,2,2012,235.0
0.87,2,0,4,0.4,1,3,11,2011,14.0
0.62,1,0,1,0.4,18,1,1,2012,372.0
0.62,3,0,2,0.36,14,0,4,2012,187.0
0.81,3,0,1,0.32,9,1,1,2012,159.0
0.44,1,0,2,0.66,3,3,6,2011,10.0
0.45,1,0,4,0.5,9,6,10,2011,207.0
0.78,3,0,2,0.56,12,0,6,2012,161.0
0.43,1,0,4,0.36,12,0,11,2012,225.0
0.79,1,0,3,0.68,21,1,7,2012,295.0
0.66,1,0,3,0.72,8,6,7,2011,136.0
0.83,1,0,4,0.52,0,1,11,2011,23.0
0.78,2,0,3,0.64,8,6,7,2012,128.0
0.94,1,0,2,0.52,23,2,5,2011,46.0
0.21,1,0,1,0.58,21,4,2,2011,98.0
0.78,1,0,3,0.64,6,2,8,2012,180.0
0.52,1,0,4,0.3,20,3,11,2012,263.0
0.77,3,0,1,0.48,2,4,3,2012,6.0
0.74,1,0,2,0.66,21,5,6,2011,211.0
0.5,1,0,4,0.36,21,2,11,2012,193.0
0.76,1,0,1,0.34,11,6,1,2012,220.0
0.83,1,0,3,0.64,21,6,8,2012,172.0
0.65,1,0,4,0.3,9,6,10,2011,122.0
0.48,2,0,1,0.16,3,6,1,2012,14.0
0.93,3,0,1,0.24,18,0,12,2012,88.0
0.88,1,0,2,0.54,7,2,5,2011,302.0
0.62,1,0,4,0.44,14,6,12,2012,428.0
1.0,2,0,4,0.58,23,4,9,2011,101.0
0.43,1,1,1,0.36,16,0,12,2011,118.0
0.73,3,0,2,0.64,16,1,5,2012,205.0
0.59,1,0,2,0.46,1,2,4,2012,14.0
0.76,1,0,2,0.4,5,0,4,2011,11.0
0.7,2,0,1,0.26,11,6,2,2012,197.0
0.94,2,0,1,0.42,0,3,3,2012,26.0
0.48,1,0,4,0.74,18,2,9,2012,876.0
0.77,2,0,2,0.54,4,0,5,2012,-0.0
0.48,2,0,2,0.72,15,2,5,2012,254.0
0.65,1,0,3,0.64,19,4,9,2012,532.0
1.0,3,0,1,0.34,1,4,3,2011,2.0
0.55,2,0,3,0.76,5,2,8,2011,23.0
0.31,1,0,2,0.76,18,0,6,2011,515.0
0.37,1,0,2,0.9,17,3,6,2011,456.0
0.53,2,0,2,0.34,7,4,4,2011,118.0
0.74,2,1,3,0.7,11,0,9,2011,263.0
0.66,1,0,2,0.74,22,2,6,2011,166.0
0.69,1,0,2,0.66,19,1,5,2012,487.0
0.37,1,0,1,0.7,17,1,3,2012,764.0
0.47,1,0,1,0.2,4,6,12,2012,1.0
0.88,3,0,4,0.52,10,2,10,2011,79.0
0.55,1,0,4,0.22,3,6,12,2011,19.0
0.7,1,0,3,0.72,3,5,7,2012,24.0
0.46,1,0,3,0.58,6,2,6,2012,170.0
0.35,1,0,2,0.6,14,4,4,2011,224.0
0.81,1,0,4,0.32,4,6,11,2012,13.0
0.53,1,0,3,0.64,1,4,8,2011,25.0
0.73,1,0,4,0.54,3,4,10,2012,11.0
0.82,2,0,2,0.4,6,6,5,2011,5.0
0.46,1,0,1,0.34,21,1,2,2012,146.0
0.89,1,0,3,0.64,3,5,7,2011,26.0
0.83,3,0,3,0.66,13,5,8,2011,191.0
0.62,2,0,3,0.78,11,2,9,2012,246.0
0.7,2,1,3,0.72,23,0,7,2011,135.0
0.78,1,0,3,0.66,6,3,7,2012,176.0
0.5,1,0,1,0.36,12,4,1,2012,207.0
0.55,1,0,2,0.74,16,3,5,2012,408.0
0.93,3,0,2,0.32,19,4,4,2011,48.0
0.88,2,0,2,0.48,6,1,4,2011,64.0
0.61,1,0,2,0.66,19,3,3,2012,556.0
0.43,1,0,3,0.82,15,6,7,2011,360.0
0.56,1,0,2,0.54,2,5,6,2011,56.0
0.66,1,0,3,0.78,5,6,7,2011,12.0
0.3,1,0,1,0.26,20,5,2,2012,112.0
0.28,1,0,2,0.54,14,3,5,2011,169.0
0.68,1,0,2,0.56,8,5,5,2011,148.0
0.45,1,0,3,0.74,15,5,6,2011,406.0
0.36,1,0,2,0.3,12,5,3,2011,201.0
0.53,1,0,1,0.08,4,6,1,2011,-2.0
0.59,2,0,3,0.8,18,2,6,2011,472.0
0.65,1,0,4,0.7,17,2,10,2012,856.0
0.46,1,0,3,0.82,16,3,8,2012,449.0
0.54,1,0,4,0.4,12,2,12,2012,249.0
0.54,1,0,2,0.7,17,0,4,2011,483.0
0.78,2,1,3,0.66,4,0,7,2011,14.0
0.77,1,0,4,0.44,3,0,10,2012,10.0
0.58,2,0,2,0.4,8,1,3,2011,327.0
0.44,1,0,1,0.24,0,0,3,2012,24.0
0.93,3,0,1,0.22,8,5,2,2012,62.0
0.68,1,0,1,0.54,21,3,3,2012,263.0
0.56,1,0,2,0.54,6,1,6,2011,109.0
0.36,1,0,3,0.96,14,6,7,2012,368.0
0.75,1,0,4,0.22,7,5,12,2011,50.0
0.88,1,0,2,0.56,1,0,5,2011,23.0
0.48,1,0,4,0.52,14,2,11,2011,172.0
0.3,1,0,2,0.4,9,5,4,2012,273.0
0.36,1,0,2,0.5,10,0,3,2012,191.0
0.36,1,0,1,0.32,20,3,2,2012,191.0
0.62,1,0,4,0.36,16,4,12,2011,248.0
0.82,1,0,4,0.46,1,3,10,2012,24.0
0.42,1,0,3,0.88,15,5,8,2012,490.0
0.48,1,0,2,0.5,1,5,5,2012,97.0
0.69,2,0,2,0.64,10,1,5,2011,129.0
0.62,3,0,4,0.38,12,3,11,2012,205.0
0.79,1,0,3,0.7,10,6,8,2011,210.0
0.23,1,0,2,0.64,17,4,5,2012,722.0
0.49,2,0,3,0.8,0,2,8,2011,66.0
1.0,2,0,1,0.4,4,4,1,2012,-1.0
0.63,2,0,2,0.52,2,1,5,2012,4.0
0.94,2,0,3,0.64,6,6,8,2011,6.0
0.87,1,0,1,0.32,0,2,12,2011,16.0
0.94,2,0,3,0.6,4,3,9,2011,11.0
0.77,1,0,1,0.44,4,3,3,2012,10.0
0.62,1,0,4,0.44,3,5,10,2011,18.0
0.81,1,0,1,0.26,10,6,12,2011,66.0
0.83,1,0,3,0.66,8,4,9,2012,663.0
0.69,1,0,1,0.22,4,4,1,2012,5.0
0.73,1,0,3,0.6,0,5,9,2012,169.0
0.48,1,0,1,0.26,22,4,2,2011,43.0
0.41,1,1,2,0.86,17,0,5,2011,303.0
0.94,3,0,3,0.56,4,2,9,2011,1.0
0.33,1,0,2,0.32,5,5,4,2012,19.0
0.58,2,0,3,0.74,12,0,7,2012,275.0
0.7,2,0,1,0.26,0,1,1,2012,22.0
0.6,2,0,4,0.26,5,5,12,2011,13.0
0.45,1,0,3,0.76,14,2,8,2012,280.0
0.28,1,0,3,0.72,15,1,6,2012,347.0
0.41,1,1,1,0.26,6,0,1,2012,9.0
0.44,2,0,1,0.26,18,3,1,2012,270.0
0.44,1,0,1,0.22,13,2,1,2011,59.0
0.61,1,0,4,0.32,10,5,12,2011,202.0
0.79,1,0,3,0.7,13,4,9,2011,186.0
0.89,1,0,3,0.66,2,3,7,2011,13.0
0.44,1,0,4,0.46,15,4,11,2011,234.0
0.66,2,0,2,0.4,9,3,4,2011,171.0
0.65,1,0,3,0.7,8,4,8,2011,435.0
0.57,1,0,1,0.04,23,5,1,2011,24.0
0.37,1,0,3,0.76,14,1,8,2012,302.0
0.39,1,0,2,0.48,0,0,4,2012,35.0
0.54,2,0,4,0.42,16,2,10,2012,405.0
0.42,1,0,3,0.74,18,2,8,2012,834.0
0.59,1,0,4,0.2,6,6,12,2011,9.0
0.62,1,0,3,0.78,8,6,7,2012,127.0
0.78,2,0,3,0.62,1,0,6,2011,16.0
0.87,2,0,4,0.38,10,0,12,2012,177.0
0.7,1,0,1,0.3,5,4,3,2012,16.0
0.87,3,0,4,0.3,18,1,10,2012,270.0
0.33,1,0,3,0.78,10,2,7,2011,136.0
0.81,1,0,4,0.28,5,2,11,2011,23.0
0.68,2,0,2,0.5,8,1,4,2011,382.0
0.52,1,0,4,0.28,9,3,12,2012,308.0
0.57,1,0,2,0.62,21,6,4,2012,203.0
0.51,1,0,1,0.2,2,3,12,2011,4.0
0.61,1,0,1,0.34,18,2,1,2011,206.0
0.66,1,0,3,0.78,1,6,7,2011,83.0
0.81,2,0,4,0.26,1,5,12,2012,71.0
0.45,1,0,3,0.72,17,2,8,2011,568.0
0.73,1,0,2,0.6,3,3,5,2012,7.0
0.79,1,0,2,0.7,0,2,6,2012,57.0
0.28,1,0,3,0.72,18,0,8,2011,551.0
0.61,1,0,3,0.7,1,0,7,2011,17.0
0.68,1,0,3,0.58,9,4,9,2012,361.0
0.78,1,0,3,0.58,7,5,9,2012,88.0
0.55,1,0,4,0.48,9,1,10,2012,368.0
0.65,3,0,3,0.66,14,5,8,2012,490.0
0.61,1,0,2,0.68,16,1,5,2012,390.0
0.28,2,0,2,0.46,17,6,4,2011,210.0
0.82,3,0,4,0.4,16,6,10,2012,220.0
0.64,1,0,1,0.22,6,4,12,2012,55.0
0.65,1,0,4,0.7,19,2,10,2012,610.0
0.66,1,0,2,0.74,11,3,5,2011,160.0
0.73,1,0,2,0.6,17,2,5,2012,709.0
0.23,1,0,2,0.82,14,5,6,2012,566.0
0.45,1,0,2,0.54,21,1,4,2012,265.0
0.61,1,0,4,0.3,0,2,12,2012,35.0
0.28,1,0,3,0.86,11,4,8,2012,286.0
0.4,1,0,4,0.4,13,3,12,2011,180.0
1.0,2,0,2,0.4,0,2,4,2011,-0.0
0.65,1,0,1,0.26,1,4,12,2011,5.0
0.52,1,0,1,0.24,9,6,12,2012,34.0
0.72,1,0,2,0.5,5,6,5,2012,11.0
0.94,3,0,4,0.6,4,6,9,2011,23.0
1.0,3,0,2,0.44,22,5,3,2012,51.0
0.51,1,0,3,0.74,17,1,8,2012,840.0
0.45,1,0,1,0.06,6,2,2,2011,38.0
0.5,1,0,4,0.38,19,2,12,2012,394.0
0.47,1,0,2,0.4,22,3,4,2012,162.0
0.77,1,0,2,0.54,20,3,5,2011,277.0
0.74,1,0,3,0.72,19,6,8,2011,285.0
1.0,2,0,2,0.54,6,0,5,2011,66.0
0.49,1,0,2,0.6,14,6,5,2011,376.0
0.7,1,0,4,0.26,9,5,12,2011,121.0
0.65,2,0,1,0.28,23,2,1,2012,66.0
0.6,1,0,2,0.56,16,0,4,2012,398.0
0.26,1,0,1,0.16,16,6,1,2011,92.0
0.69,1,0,3,0.64,4,0,8,2012,5.0
0.56,2,0,4,0.36,8,3,11,2012,684.0
0.55,1,1,1,0.22,10,0,2,2012,119.0
0.83,2,0,3,0.64,0,5,8,2012,136.0
0.88,3,0,3,0.6,2,5,7,2012,63.0
0.72,1,0,2,0.5,5,4,6,2012,35.0
0.88,1,0,2,0.6,4,6,5,2011,12.0
0.62,1,0,3,0.76,10,1,7,2012,202.0
0.79,2,1,3,0.68,16,0,9,2011,304.0
0.59,2,0,4,0.52,17,3,12,2011,451.0
0.77,3,0,4,0.46,17,6,10,2012,225.0
0.47,1,0,2,0.86,11,1,5,2011,107.0
0.67,2,0,2,0.42,12,6,4,2012,400.0
0.83,1,0,2,0.64,22,6,6,2011,131.0
0.89,2,0,3,0.68,6,1,9,2012,158.0
0.37,1,0,1,0.22,15,3,2,2011,56.0
0.41,1,0,4,0.64,13,2,10,2011,216.0
0.43,1,0,3,0.8,12,1,7,2011,185.0
0.81,3,0,4,0.36,14,6,10,2011,155.0
0.59,1,0,2,0.78,23,2,6,2012,148.0
0.76,2,0,1,0.34,17,2,3,2011,210.0
0.81,2,0,4,0.32,23,5,12,2012,82.0
0.62,1,0,3,0.74,10,1,8,2012,204.0
0.43,1,0,2,0.4,0,4,4,2012,60.0
0.94,2,0,4,0.6,3,2,9,2011,10.0
0.75,1,0,4,0.48,22,0,10,2011,112.0
0.35,1,0,3,0.76,9,2,7,2011,229.0
1.0,2,0,1,0.4,7,5,3,2012,82.0
0.75,2,0,4,0.26,0,2,11,2012,34.0
0.75,3,0,1,0.28,18,5,2,2012,132.0
0.45,1,0,2,0.5,5,3,3,2012,32.0
0.87,3,0,4,0.3,1,5,10,2011,47.0
0.7,1,0,3,0.7,0,1,7,2012,61.0
0.94,2,0,3,0.54,22,1,9,2011,128.0
0.88,3,0,4,0.52,12,4,10,2011,110.0
0.6,2,0,1,0.26,22,5,12,2012,54.0
0.81,2,0,1,0.36,11,4,2,2012,155.0
0.88,2,0,4,0.6,13,1,10,2012,193.0
0.49,3,0,3,0.8,18,6,7,2011,313.0
0.51,1,0,1,0.22,17,1,2,2011,178.0
0.33,1,0,1,0.32,18,6,3,2012,234.0
0.6,1,0,2,0.56,9,2,6,2012,341.0
0.44,1,0,1,0.22,6,6,2,2012,8.0
0.41,1,0,1,0.26,21,4,12,2012,98.0
0.93,3,0,1,0.22,1,2,1,2011,0.0
0.84,1,0,3,0.72,21,6,8,2011,137.0
0.7,3,0,4,0.32,21,4,10,2011,72.0
0.37,1,0,1,0.4,14,4,2,2012,203.0
0.33,1,0,4,0.44,22,4,11,2012,139.0
0.65,1,0,3,0.7,19,0,8,2011,391.0
0.52,1,1,2,0.54,13,4,4,2011,204.0
0.64,2,0,1,0.18,9,0,12,2012,147.0
0.75,1,0,1,0.22,0,4,1,2012,32.0
0.56,1,0,1,0.26,2,3,1,2011,4.0
0.58,1,0,2,0.4,6,5,4,2011,12.0
0.88,1,0,1,0.48,5,3,3,2012,27.0
0.57,1,0,1,0.64,15,0,3,2012,285.0
0.54,1,0,4,0.66,10,4,10,2012,264.0
0.47,1,0,1,0.42,21,3,3,2012,193.0
0.48,1,0,2,0.7,19,3,6,2012,593.0
0.26,1,0,3,0.82,17,4,8,2011,535.0
0.69,2,0,3,0.64,9,0,8,2012,312.0
0.43,1,0,3,0.82,18,6,7,2011,353.0
0.56,1,0,1,0.26,3,4,2,2012,6.0
0.51,1,0,3,0.74,15,1,9,2011,214.0
0.83,1,0,2,0.6,21,4,5,2011,186.0
0.65,1,0,2,0.66,3,4,5,2011,8.0
0.6,1,0,2,0.56,3,5,6,2012,33.0
0.72,2,0,2,0.52,5,1,5,2012,24.0
0.59,1,0,4,0.46,21,5,10,2012,238.0
0.79,1,0,3,0.74,2,4,7,2011,15.0
0.64,1,0,4,0.22,1,3,11,2012,21.0
0.72,2,0,2,0.5,10,1,4,2011,77.0
0.46,1,0,1,0.14,2,0,2,2012,5.0
0.87,3,0,2,0.34,1,0,4,2012,1.0
0.64,2,0,4,0.58,1,0,10,2012,17.0
0.94,1,0,2,0.5,3,0,5,2011,7.0
0.73,1,0,3,0.64,20,1,8,2012,385.0
0.81,3,0,2,0.3,5,0,4,2012,10.0
0.49,1,0,2,0.3,3,2,4,2012,-6.0
0.49,1,0,1,0.32,21,1,3,2012,143.0
0.33,1,0,2,0.32,7,5,4,2012,123.0
0.42,1,0,4,0.54,16,6,11,2012,560.0
0.7,1,1,1,0.26,23,0,12,2011,1.0
0.38,1,0,1,0.26,18,2,12,2011,197.0
0.73,1,0,3,0.62,6,6,7,2011,18.0
0.74,1,0,2,0.18,6,4,3,2011,52.0
0.29,1,0,1,0.5,18,4,1,2012,489.0
0.78,1,0,2,0.64,23,6,6,2011,86.0
0.29,2,0,4,0.52,12,6,11,2011,359.0
0.5,1,0,4,0.36,5,3,10,2012,47.0
0.84,1,0,3,0.7,15,0,7,2011,131.0
0.41,1,0,4,0.44,16,1,12,2012,338.0
0.5,1,0,1,0.12,9,0,2,2012,194.0
0.48,3,0,4,0.48,12,1,12,2012,195.0
0.65,1,0,4,0.64,10,3,9,2011,141.0
0.94,1,0,2,0.54,4,4,6,2011,6.0
0.73,1,0,3,0.56,2,4,9,2012,24.0
0.49,1,0,1,0.34,10,6,1,2012,204.0
0.45,2,0,2,0.28,20,5,3,2011,86.0
0.45,2,0,3,0.76,12,0,6,2012,286.0
0.43,1,0,1,0.32,12,4,3,2011,101.0
0.77,1,0,4,0.54,7,2,9,2012,553.0
0.61,3,0,1,0.3,15,2,2,2012,134.0
0.43,1,0,1,0.6,21,3,3,2012,271.0
0.48,2,0,2,0.76,11,0,6,2012,216.0
0.66,1,0,3,0.76,10,6,7,2012,410.0
0.26,1,0,3,0.8,16,3,6,2011,313.0
0.93,1,0,4,0.14,5,0,12,2011,21.0
0.54,1,0,1,0.1,5,4,1,2011,1.0
0.75,1,0,1,0.2,6,3,2,2012,81.0
0.7,2,0,4,0.24,1,4,12,2012,18.0
0.87,1,0,1,0.22,8,5,2,2012,88.0
0.67,1,0,4,0.42,7,1,10,2012,442.0
0.83,1,0,2,0.56,2,4,6,2012,24.0
0.41,1,0,4,0.64,14,2,10,2011,196.0
0.55,1,0,3,0.78,11,1,8,2012,236.0
0.74,2,0,2,0.72,9,2,6,2012,333.0
0.74,1,0,3,0.7,7,1,7,2012,492.0
0.57,1,0,2,0.62,8,3,5,2012,664.0
0.49,1,0,3,0.8,17,2,8,2011,560.0
0.44,2,0,3,0.86,14,5,9,2012,546.0
0.81,1,0,1,0.3,10,6,2,2011,68.0
0.66,1,0,2,0.32,8,3,4,2012,619.0
0.56,2,0,1,0.3,8,0,3,2011,244.0
0.74,2,0,3,0.72,10,1,9,2012,217.0
0.42,1,0,4,0.32,16,3,12,2012,334.0
0.75,2,0,4,0.3,17,1,11,2012,458.0
0.36,2,0,3,0.86,19,1,8,2011,360.0
0.26,1,0,1,0.16,16,4,1,2011,78.0
0.26,1,0,3,0.8,11,4,7,2011,207.0
0.43,1,0,1,0.4,21,4,1,2012,154.0
0.53,1,0,2,0.6,5,1,4,2012,32.0
0.3,1,0,3,0.88,15,5,6,2012,445.0
0.68,2,0,3,0.54,9,0,9,2011,200.0
0.88,1,0,2,0.56,4,5,5,2012,10.0
0.78,1,0,2,0.66,8,5,6,2011,146.0
0.72,2,0,4,0.52,21,5,10,2012,248.0
0.53,1,0,3,0.84,11,6,7,2011,308.0
0.33,1,0,3,0.8,12,6,6,2012,567.0
0.53,1,0,1,0.34,1,3,2,2011,6.0
0.66,2,0,4,0.36,11,2,10,2012,189.0
0.57,2,0,1,0.32,10,4,3,2011,69.0
0.78,1,0,4,0.58,23,4,10,2012,195.0
0.61,2,0,1,0.3,15,5,2,2012,274.0
0.57,1,0,1,0.04,0,6,1,2011,27.0
0.65,1,0,1,0.26,20,6,12,2012,59.0
0.72,1,0,4,0.46,11,6,10,2011,292.0
0.31,1,0,1,0.32,13,5,2,2012,297.0
0.7,1,0,3,0.74,9,1,6,2011,209.0
0.42,1,0,2,0.74,18,3,6,2012,797.0
0.81,2,0,2,0.36,9,6,4,2012,162.0
0.41,1,0,1,0.24,3,6,2,2012,16.0
0.88,1,0,2,0.44,0,2,4,2011,27.0
0.66,1,0,4,0.32,2,3,12,2012,13.0
0.84,1,0,3,0.7,8,1,9,2012,580.0
0.94,3,0,3,0.62,4,4,9,2011,1.0
0.83,1,0,2,0.6,1,2,4,2011,13.0
0.81,1,0,2,0.34,5,4,5,2011,23.0
0.83,3,0,3,0.62,8,6,8,2011,55.0
0.3,1,0,2,0.56,19,6,4,2011,220.0
0.41,1,0,1,0.28,17,5,12,2012,144.0
0.77,3,0,2,0.44,17,1,4,2011,209.0
0.52,1,0,1,0.24,9,1,2,2011,127.0
0.45,2,0,3,0.76,15,0,7,2012,292.0
0.83,1,0,3,0.62,1,3,8,2012,22.0
0.66,1,0,4,0.38,18,1,12,2011,362.0
0.71,1,0,1,0.34,4,3,3,2011,2.0
0.44,1,0,4,0.22,1,6,11,2012,67.0
0.36,1,0,4,0.5,22,5,10,2011,143.0
0.73,1,0,2,0.62,8,3,5,2012,661.0
0.29,1,0,1,0.48,15,5,3,2012,442.0
0.87,1,0,2,0.4,4,0,4,2011,-4.0
0.87,2,0,4,0.38,0,0,12,2012,22.0
0.55,1,0,3,0.8,20,6,7,2011,219.0
0.45,1,0,3,0.76,18,1,8,2011,562.0
0.7,1,0,3,0.74,11,2,6,2011,131.0
0.7,1,0,3,0.78,15,2,9,2012,285.0
0.61,1,0,1,0.28,1,1,2,2012,11.0
0.55,2,0,3,0.78,11,0,7,2012,205.0
0.47,1,0,2,0.86,12,1,5,2011,143.0
0.37,1,0,1,0.22,9,2,1,2011,123.0
0.66,1,0,1,0.32,11,4,12,2011,71.0
0.63,1,0,2,0.46,1,1,4,2011,7.0
0.93,1,0,4,0.32,1,1,11,2011,13.0
0.46,1,0,4,0.58,17,4,10,2011,585.0
0.7,1,0,4,0.7,17,0,9,2011,577.0
0.55,1,0,3,0.76,21,6,6,2012,217.0
0.41,1,0,2,0.68,16,1,6,2011,311.0
0.77,2,0,4,0.54,21,3,10,2012,292.0
0.62,2,1,4,0.42,13,0,10,2012,375.0
0.77,1,0,2,0.42,3,5,5,2011,24.0
0.89,1,0,3,0.7,22,6,8,2011,126.0
0.73,1,0,2,0.64,19,1,4,2011,348.0
0.66,2,1,1,0.32,19,1,12,2012,45.0
0.88,1,0,1,0.46,0,6,3,2012,91.0
0.53,1,0,2,0.58,2,5,6,2012,81.0
0.75,2,0,1,0.24,8,6,2,2012,63.0
0.3,2,0,3,0.86,18,1,7,2012,744.0
0.49,1,0,2,0.78,15,4,5,2011,239.0
0.88,1,0,2,0.46,23,6,5,2011,80.0
0.63,1,0,3,0.8,23,4,7,2012,167.0
0.83,1,0,3,0.66,3,4,6,2011,10.0
0.7,1,0,3,0.74,8,1,7,2012,668.0
0.88,2,0,4,0.62,5,0,9,2011,24.0
0.83,1,0,2,0.62,14,3,4,2011,127.0
0.51,1,0,1,0.2,0,1,1,2012,16.0
0.55,2,0,3,0.78,10,5,9,2012,399.0
0.35,1,0,3,0.76,11,3,8,2011,168.0
0.84,1,0,3,0.7,1,1,8,2012,22.0
0.76,1,0,1,0.4,14,3,2,2012,162.0
0.61,1,0,2,0.7,12,1,4,2011,171.0
0.66,2,0,4,0.32,22,3,11,2012,131.0
0.7,1,0,3,0.72,1,4,7,2012,34.0
0.63,1,0,1,0.14,2,1,1,2011,-2.0
0.48,2,1,4,0.7,12,0,10,2011,364.0
0.68,1,0,3,0.5,3,6,9,2012,35.0
0.57,1,0,2,0.64,2,4,6,2012,22.0
0.87,3,0,1,0.3,19,2,12,2012,59.0
0.94,2,0,4,0.62,4,0,9,2011,13.0
0.5,1,0,3,0.66,2,3,6,2012,17.0
0.65,1,0,3,0.64,21,1,8,2011,215.0
0.71,1,0,1,0.34,10,2,2,2012,119.0
0.5,1,0,1,0.36,10,2,3,2012,147.0
0.83,2,0,3,0.64,7,2,8,2012,454.0
0.5,1,0,1,0.14,4,5,1,2012,4.0
0.43,1,0,4,0.4,10,5,10,2012,350.0
0.51,1,0,3,0.7,10,6,8,2012,399.0
0.89,1,0,3,0.64,5,6,8,2012,15.0
0.94,2,0,4,0.38,2,0,12,2012,10.0
0.66,1,0,2,0.74,7,1,5,2011,305.0
0.47,1,0,2,0.46,10,1,4,2012,180.0
0.72,2,0,3,0.46,6,5,9,2011,25.0
0.34,1,0,2,0.7,16,6,6,2012,628.0
0.42,2,1,1,0.34,1,0,2,2011,10.0
0.65,1,0,4,0.66,21,2,9,2012,332.0
0.87,3,0,2,0.3,14,3,3,2011,51.0
0.75,1,0,1,0.2,3,0,12,2012,-6.0
0.71,1,0,4,0.34,22,4,11,2012,134.0
0.7,2,0,1,0.24,2,5,12,2012,21.0
0.77,2,0,1,0.42,22,5,3,2011,68.0
1.0,2,0,1,0.3,4,1,1,2012,6.0
0.87,3,0,4,0.36,16,6,10,2011,159.0
0.67,2,0,4,0.46,14,0,12,2011,163.0
0.83,1,0,2,0.58,7,1,4,2011,290.0
0.59,1,0,4,0.52,4,5,9,2012,14.0
0.5,1,0,4,0.62,15,1,10,2011,196.0
0.93,2,0,2,0.3,5,5,4,2011,5.0
0.74,2,0,3,0.66,7,5,8,2011,44.0
0.74,1,0,3,0.72,0,2,9,2012,51.0
0.54,1,0,1,0.4,22,6,3,2012,87.0
0.66,2,0,3,0.8,16,6,7,2012,478.0
0.66,1,0,3,0.74,18,6,8,2011,336.0
0.65,1,0,3,0.64,13,0,9,2012,307.0
0.83,1,0,4,0.52,6,4,9,2011,97.0
0.65,1,0,3,0.7,1,0,6,2012,21.0
0.43,1,0,3,0.62,12,3,9,2012,315.0
0.94,3,0,3,0.64,17,3,9,2011,225.0
1.0,2,0,2,0.5,6,6,4,2011,4.0
0.56,1,0,4,0.3,8,6,11,2012,93.0
0.59,1,0,4,0.5,1,6,9,2012,121.0
0.83,1,0,2,0.58,8,2,5,2012,680.0
0.81,1,0,4,0.24,22,1,11,2012,100.0
0.76,2,0,1,0.38,13,1,1,2012,140.0
0.58,1,0,3,0.74,7,1,7,2012,454.0
0.49,1,0,1,0.34,11,5,3,2011,131.0
0.59,2,0,1,0.48,15,3,12,2011,141.0
0.43,1,0,2,0.6,17,1,6,2012,812.0
0.93,2,0,1,0.16,10,1,2,2011,57.0
0.56,1,0,2,0.54,21,1,6,2012,283.0
0.76,3,0,4,0.34,20,3,12,2012,123.0
0.55,3,0,2,0.22,2,6,3,2011,33.0
0.45,1,0,4,0.5,21,4,10,2011,156.0
0.48,1,0,4,0.26,0,4,11,2011,32.0
0.64,1,0,1,0.22,9,0,3,2011,118.0
0.94,2,0,2,0.54,8,6,5,2011,72.0
0.65,1,0,2,0.7,15,2,4,2011,149.0
0.62,2,0,3,0.76,13,3,6,2011,196.0
0.74,3,0,3,0.72,16,6,8,2011,322.0
0.87,2,0,4,0.28,8,6,11,2011,79.0
0.44,1,0,2,0.64,20,0,6,2011,291.0
0.93,3,0,1,0.18,13,4,1,2011,23.0
0.49,1,0,1,0.32,5,1,2,2012,23.0
0.41,2,0,4,0.26,12,6,11,2012,276.0
0.87,1,0,4,0.28,4,2,11,2012,3.0
0.53,2,0,1,0.34,2,3,2,2011,4.0
0.52,1,0,4,0.52,9,0,9,2012,360.0
0.74,1,0,3,0.7,9,6,7,2011,184.0
0.41,1,0,3,0.82,10,5,7,2011,253.0
0.94,3,0,4,0.42,15,2,12,2011,24.0
0.55,2,0,1,0.22,21,3,1,2011,63.0
0.72,2,0,4,0.5,11,2,11,2011,121.0
0.88,1,0,3,0.58,5,2,9,2011,24.0
0.49,1,0,4,0.58,14,0,10,2011,193.0
0.88,1,0,2,0.52,0,2,3,2012,44.0
0.53,1,0,2,0.36,19,5,4,2011,132.0
0.82,1,0,4,0.46,3,2,10,2011,5.0
0.38,1,0,2,0.42,14,5,4,2012,442.0
0.83,1,0,3,0.66,6,1,6,2011,118.0
0.87,3,0,1,0.34,22,3,2,2011,44.0
0.42,1,0,3,0.7,10,3,7,2011,132.0
0.93,3,0,1,0.24,21,6,3,2011,27.0
0.81,2,0,1,0.3,12,2,1,2011,65.0
0.52,1,0,1,0.3,2,4,2,2012,10.0
0.94,2,0,2,0.54,16,5,5,2011,234.0
1.0,2,0,4,0.54,4,3,10,2011,1.0
0.78,1,0,2,0.58,23,5,5,2011,140.0
0.63,1,0,2,0.46,7,0,4,2011,235.0
0.55,2,0,1,0.18,1,5,1,2011,26.0
0.31,1,0,4,0.6,13,0,9,2012,341.0
0.89,3,0,4,0.64,5,3,10,2012,28.0
0.89,2,0,3,0.68,4,6,7,2012,19.0
0.43,1,0,2,0.62,13,4,4,2012,381.0
0.51,2,0,4,0.7,10,3,9,2012,236.0
0.84,1,0,3,0.7,2,3,8,2012,15.0
0.58,1,0,3,0.7,13,0,8,2012,304.0
0.62,1,0,1,0.36,18,4,12,2011,183.0
0.89,1,0,3,0.68,0,6,7,2012,138.0
0.4,1,0,4,0.56,12,0,10,2011,191.0
0.65,1,0,2,0.64,13,0,6,2011,186.0
0.61,2,0,4,0.34,2,1,12,2011,10.0
0.54,2,0,3,0.7,8,4,7,2012,652.0
1.0,3,0,2,0.26,1,4,4,2011,8.0
0.73,1,0,3,0.64,21,4,9,2012,289.0
0.58,1,0,2,0.72,12,5,5,2011,406.0
0.21,1,0,2,0.56,14,1,4,2012,239.0
0.94,1,0,2,0.42,2,2,4,2011,3.0
0.7,1,0,1,0.28,0,4,12,2011,17.0
0.87,1,0,4,0.36,5,6,11,2011,4.0
0.31,1,0,3,0.9,16,4,6,2012,374.0
0.61,1,0,2,0.34,3,4,4,2012,6.0
0.65,1,0,2,0.64,0,1,6,2011,37.0
0.88,1,0,2,0.58,23,4,5,2011,143.0
0.88,3,0,2,0.62,9,3,4,2011,151.0
0.87,3,0,2,0.32,5,2,3,2011,8.0
0.75,2,0,1,0.24,2,5,2,2011,18.0
0.5,1,0,4,0.38,18,2,12,2012,546.0
0.6,1,0,4,0.58,18,6,10,2012,490.0
0.47,2,0,4,0.46,19,4,11,2012,402.0
0.65,1,0,1,0.26,0,2,3,2011,14.0
0.45,2,0,1,0.32,9,4,12,2012,255.0
0.84,1,0,3,0.72,20,6,8,2011,169.0
1.0,2,0,2,0.52,4,0,4,2011,-7.0
0.68,2,0,4,0.54,7,1,11,2011,298.0
0.74,1,0,2,0.66,22,4,5,2012,240.0
0.78,2,0,3,0.62,22,6,8,2012,133.0
0.78,1,0,3,0.64,8,6,9,2011,128.0
0.72,1,0,1,0.44,15,3,1,2012,187.0
0.77,2,0,4,0.44,22,6,12,2012,83.0
0.87,2,0,2,0.36,8,5,3,2012,204.0
0.46,2,0,2,0.82,15,3,5,2011,158.0
0.72,2,0,2,0.44,15,2,4,2011,91.0
0.63,1,0,4,0.46,0,1,10,2012,46.0
0.45,1,0,2,0.5,1,4,4,2011,28.0
0.87,2,0,2,0.3,0,5,4,2011,41.0
0.94,1,0,2,0.56,12,2,5,2011,129.0
0.89,2,0,3,0.64,1,5,7,2011,77.0
0.94,3,0,4,0.64,10,1,9,2011,86.0
0.87,2,0,4,0.36,8,6,12,2012,105.0
0.82,1,0,4,0.44,4,0,11,2011,10.0
0.71,1,0,4,0.36,3,4,10,2011,8.0
0.65,1,0,3,0.64,7,2,8,2012,478.0
0.77,1,0,4,0.54,8,1,11,2011,441.0
0.88,1,0,4,0.46,7,1,10,2011,286.0
0.57,1,0,1,0.34,10,2,2,2012,132.0
0.56,1,0,1,0.3,22,6,3,2011,30.0
0.6,1,0,1,0.26,6,6,2,2011,3.0
0.68,1,0,2,0.5,2,2,6,2012,13.0
0.58,3,1,4,0.42,15,0,10,2012,265.0
1.0,3,0,4,0.46,22,1,12,2011,79.0
0.67,2,1,2,0.46,18,4,4,2011,207.0
0.83,3,0,3,0.66,12,5,8,2011,202.0
0.45,2,0,4,0.5,9,0,10,2011,210.0
0.82,1,0,2,0.4,7,4,5,2011,230.0
0.88,2,0,2,0.62,6,4,5,2012,136.0
0.51,1,0,3,0.74,16,1,9,2011,319.0
0.77,1,0,2,0.52,23,2,6,2012,115.0
0.6,1,0,2,0.24,0,4,3,2011,27.0
0.38,1,0,1,0.44,0,2,2,2012,22.0
0.94,2,0,4,0.6,5,2,9,2011,28.0
0.28,1,0,1,0.14,19,3,2,2011,107.0
0.65,1,0,4,0.7,18,2,10,2012,850.0
0.57,1,0,2,0.62,21,6,6,2012,213.0
0.7,1,0,3,0.78,22,2,7,2011,167.0
0.77,1,0,4,0.46,7,2,10,2011,294.0
0.54,1,0,1,0.1,7,0,2,2012,205.0
0.34,1,0,3,0.68,21,1,6,2012,339.0
0.4,1,0,4,0.56,11,5,10,2011,370.0
0.78,2,0,3,0.66,17,3,9,2011,515.0
0.39,1,0,4,0.66,14,1,9,2012,313.0
0.87,2,0,1,0.34,15,2,1,2012,103.0
0.49,1,0,1,0.32,23,4,1,2012,82.0
0.72,1,0,2,0.46,3,4,5,2012,19.0
0.79,3,0,3,0.7,11,3,8,2011,44.0
0.39,1,0,3,0.84,18,1,7,2011,515.0
0.43,1,0,2,0.62,11,2,6,2012,229.0
0.61,1,0,2,0.3,1,6,4,2011,41.0
0.87,2,0,1,0.36,7,2,12,2011,159.0
0.47,1,0,1,0.16,1,5,1,2012,37.0
0.66,1,0,2,0.32,4,1,4,2012,4.0
0.74,1,0,2,0.72,19,6,5,2011,298.0
0.37,1,0,3,0.72,11,1,8,2011,174.0
0.66,2,0,3,0.76,11,1,8,2012,249.0
0.33,1,0,4,0.48,15,2,12,2012,278.0
0.62,2,0,2,0.72,16,0,5,2011,263.0
0.4,1,0,4,0.38,16,4,11,2012,386.0
0.55,2,0,3,0.8,12,1,8,2012,278.0
0.55,1,0,3,0.76,13,2,9,2011,196.0
0.83,1,0,3,0.66,6,0,8,2011,97.0
0.78,2,0,3,0.64,5,2,8,2012,40.0
0.59,1,0,2,0.46,2,5,5,2012,61.0
0.57,2,0,2,0.62,12,2,5,2012,265.0
0.77,1,0,2,0.5,7,4,5,2011,267.0
0.82,3,0,2,0.5,10,1,4,2011,37.0
0.64,1,0,3,0.54,8,6,9,2012,194.0
0.29,1,0,3,0.76,12,2,6,2012,307.0
0.94,2,0,3,0.6,2,3,9,2011,13.0
0.65,1,0,2,0.7,9,4,5,2011,225.0
0.55,1,0,3,0.76,2,5,7,2011,57.0
0.57,1,0,2,0.62,12,6,6,2012,573.0
0.72,2,0,4,0.5,1,6,10,2012,126.0
0.5,1,0,1,0.4,10,0,3,2012,144.0
0.46,1,0,4,0.34,23,3,11,2012,110.0
0.69,1,0,3,0.68,22,0,6,2011,150.0
0.46,1,0,1,0.34,15,6,2,2011,149.0
0.94,3,0,2,0.46,19,5,3,2012,148.0
0.57,1,0,1,0.32,20,6,3,2011,52.0
0.83,1,0,3,0.66,3,6,8,2011,21.0
0.89,1,0,3,0.66,0,3,7,2011,37.0
0.51,1,0,1,0.22,10,6,1,2011,60.0
0.55,2,0,2,0.76,16,4,5,2011,313.0
0.69,1,0,2,0.62,0,1,4,2011,30.0
0.25,1,0,2,0.36,22,0,3,2012,112.0
0.5,1,0,3,0.66,1,4,7,2011,32.0
0.59,1,0,1,0.14,20,0,1,2011,76.0
0.39,2,0,2,0.7,19,5,6,2011,325.0
0.62,1,0,1,0.4,2,4,3,2011,4.0
0.6,2,0,1,0.26,11,0,12,2012,92.0
0.49,1,0,3,0.8,13,0,7,2012,270.0
0.69,1,0,2,0.62,12,0,5,2011,191.0
0.49,1,0,1,0.34,15,1,2,2012,168.0
0.51,1,0,3,0.7,0,6,6,2012,149.0
0.28,1,0,1,0.28,12,0,2,2012,165.0
0.69,1,0,4,0.22,4,2,11,2012,13.0
0.7,2,0,1,0.24,9,6,2,2012,98.0
0.82,2,0,1,0.44,17,5,1,2011,105.0
0.67,1,0,4,0.42,19,4,11,2011,252.0
0.87,1,0,4,0.34,22,6,12,2011,68.0
0.65,1,0,2,0.3,6,3,4,2012,103.0
0.94,1,0,2,0.56,2,5,5,2011,52.0
0.52,1,0,4,0.28,12,0,12,2011,157.0
0.77,1,0,4,0.46,0,0,11,2011,33.0
0.88,1,0,4,0.44,4,6,10,2011,10.0
0.48,1,0,4,0.52,11,1,10,2011,137.0
0.6,1,0,1,0.26,5,6,3,2011,3.0
0.38,1,0,2,0.62,18,0,5,2011,481.0
0.53,1,0,3,0.64,0,4,8,2011,55.0
0.67,2,0,4,0.42,6,6,11,2011,3.0
0.52,1,0,4,0.54,1,6,9,2012,131.0
0.76,1,0,4,0.4,21,3,11,2011,138.0
0.77,2,0,2,0.54,5,0,5,2012,21.0
0.53,1,0,1,0.08,7,6,1,2011,-6.0
0.34,1,0,1,0.34,17,3,2,2012,393.0
0.88,3,0,4,0.62,16,1,10,2012,248.0
0.56,1,0,2,0.56,1,5,6,2012,111.0
0.74,1,0,2,0.66,2,0,6,2012,13.0
0.79,1,0,3,0.72,1,3,6,2012,25.0
0.66,2,0,1,0.36,23,4,12,2011,44.0
0.94,2,0,4,0.38,7,0,10,2011,219.0
0.94,2,0,4,0.62,23,1,10,2012,108.0
0.76,2,0,2,0.38,10,0,3,2011,63.0
0.39,1,0,2,0.9,16,1,5,2011,240.0
0.67,2,0,2,0.48,6,1,4,2011,65.0
0.7,1,0,3,0.76,16,1,9,2012,466.0
0.3,1,0,3,0.86,12,1,8,2011,168.0
0.83,1,0,3,0.62,22,4,9,2012,240.0
0.3,1,0,4,0.74,14,2,10,2012,305.0
0.33,1,0,4,0.46,16,2,12,2012,382.0
0.31,1,0,1,0.6,15,3,3,2012,224.0
0.79,2,0,3,0.68,21,3,8,2011,182.0
0.4,1,0,4,0.6,15,2,10,2012,356.0
0.54,3,0,1,0.4,6,2,2,2012,101.0
0.43,1,0,3,0.82,10,1,7,2012,186.0
0.69,2,0,3,0.66,0,4,8,2012,62.0
0.83,2,0,3,0.66,23,5,8,2011,132.0
0.88,2,0,4,0.52,20,3,10,2012,270.0
0.61,3,0,2,0.7,16,2,5,2012,250.0
0.75,1,0,2,0.24,2,5,4,2011,27.0
0.53,1,0,1,0.36,13,4,3,2011,105.0
0.79,1,0,2,0.7,2,5,6,2011,56.0
0.51,1,0,1,0.2,9,4,1,2011,111.0
0.63,1,0,4,0.46,11,1,11,2011,142.0
0.35,1,0,1,0.6,15,2,2,2012,205.0
0.41,2,0,4,0.26,9,5,11,2012,149.0
0.66,1,0,1,0.34,3,3,3,2011,3.0
1.0,3,0,1,0.22,14,5,2,2011,52.0
0.77,2,0,4,0.54,21,4,10,2012,257.0
0.5,1,0,2,0.86,10,3,6,2011,84.0
0.83,1,0,3,0.66,6,3,8,2012,172.0
0.38,1,0,4,0.42,14,5,11,2012,457.0
0.65,1,0,3,0.68,18,6,9,2011,378.0
0.58,1,0,3,0.7,19,3,9,2011,389.0
1.0,1,0,2,0.46,1,4,5,2011,31.0
0.87,2,0,4,0.36,9,6,12,2012,194.0
0.48,2,0,4,0.48,14,5,11,2011,306.0
0.86,1,0,1,0.14,8,5,2,2011,32.0
0.87,1,1,4,0.32,4,0,10,2012,14.0
0.65,1,0,1,0.28,20,3,12,2011,81.0
0.52,2,0,3,0.82,17,5,9,2012,548.0
0.56,1,0,4,0.28,8,2,11,2012,671.0
0.77,2,0,3,0.52,8,0,9,2011,414.0
0.65,2,0,4,0.3,1,4,11,2012,27.0
0.65,1,0,4,0.24,1,4,12,2011,17.0
0.37,1,0,3,0.7,10,1,8,2011,148.0
0.6,2,0,2,0.56,15,0,3,2011,126.0
0.62,1,0,4,0.38,11,6,11,2012,335.0
0.79,2,0,4,0.68,12,0,9,2011,176.0
0.46,1,0,3,0.8,14,6,7,2012,522.0
0.88,1,0,2,0.62,3,6,5,2011,26.0
0.7,3,0,2,0.72,17,0,5,2011,421.0
0.81,1,0,3,0.6,8,1,9,2011,444.0
0.72,1,0,1,0.52,21,6,3,2012,174.0
0.7,1,0,3,0.72,23,3,7,2012,173.0
0.73,1,0,2,0.64,7,4,5,2011,292.0
0.88,2,0,4,0.52,5,1,10,2011,27.0
0.38,1,0,2,0.64,15,2,6,2012,315.0
0.44,2,0,1,0.2,23,2,1,2012,54.0
0.87,2,1,1,0.26,1,1,12,2012,2.0
0.49,1,0,4,0.56,12,3,10,2011,202.0
0.6,1,0,4,0.24,1,1,11,2012,21.0
0.56,1,0,2,0.54,23,1,6,2012,124.0
0.41,1,0,3,0.8,15,1,7,2012,278.0
0.55,2,0,1,0.16,5,1,1,2011,4.0
0.88,2,0,4,0.54,10,2,10,2011,101.0
0.79,1,0,3,0.68,9,5,8,2012,306.0
0.56,1,0,4,0.54,10,5,9,2012,483.0
0.89,1,0,3,0.64,21,3,9,2012,283.0
0.77,1,0,3,0.44,5,6,9,2011,18.0
0.88,1,1,4,0.48,1,0,10,2011,39.0
0.4,1,0,1,0.56,15,0,3,2012,217.0
0.29,1,0,2,0.34,14,5,3,2011,217.0
0.89,1,0,2,0.68,1,1,5,2011,13.0
0.69,2,0,1,0.2,4,6,2,2011,1.0
0.37,1,0,4,0.4,14,1,12,2011,165.0
0.59,1,0,4,0.46,5,6,9,2012,23.0
0.81,1,0,4,0.36,22,0,11,2011,82.0
1.0,3,0,3,0.62,19,3,9,2011,160.0
0.54,1,0,2,0.42,18,4,3,2012,547.0
0.64,1,0,2,0.6,7,3,5,2012,460.0
0.63,1,0,1,0.08,5,4,2,2011,4.0
0.56,1,0,1,0.26,4,6,1,2011,1.0
0.88,2,0,3,0.6,0,6,7,2012,132.0
0.66,1,0,3,0.74,9,6,7,2011,186.0
0.51,1,0,4,0.5,22,0,9,2012,181.0
0.49,1,0,3,0.82,9,4,7,2012,296.0
0.87,3,0,4,0.3,16,1,10,2012,163.0
0.74,1,0,3,0.7,22,6,7,2012,163.0
0.37,1,0,2,0.9,18,2,6,2011,426.0
0.36,1,0,2,0.64,19,5,6,2012,456.0
0.77,3,0,2,0.5,19,2,5,2012,260.0
0.61,1,1,4,0.3,2,3,11,2011,6.0
0.43,1,1,3,0.82,15,0,7,2011,383.0
0.57,1,0,2,0.62,11,6,5,2012,504.0
0.4,1,0,3,0.74,20,2,7,2012,469.0
0.65,1,0,3,0.7,12,6,9,2011,408.0
0.94,1,0,4,0.62,2,1,9,2011,11.0
0.51,1,0,3,0.72,17,6,9,2011,444.0
0.73,2,0,2,0.62,20,0,6,2012,348.0
0.57,1,0,2,0.64,22,5,6,2011,201.0
0.51,1,0,1,0.2,7,6,2,2012,27.0
0.54,1,0,1,0.12,9,6,1,2012,66.0
0.41,1,0,2,0.62,20,4,5,2012,363.0
0.81,2,0,1,0.28,0,5,3,2011,35.0
1.0,3,0,1,0.44,14,6,3,2011,100.0
0.52,1,0,1,0.28,0,1,1,2012,24.0
0.53,1,0,3,0.9,15,3,7,2011,132.0
0.94,3,0,3,0.54,8,1,9,2011,261.0
0.88,1,0,3,0.62,5,4,9,2012,35.0
0.82,1,0,2,0.46,13,6,4,2011,247.0
0.77,2,0,4,0.44,7,1,10,2012,416.0
0.41,1,0,1,0.24,4,5,3,2012,5.0
0.75,2,0,1,0.2,8,3,1,2012,439.0
0.6,1,0,1,0.6,12,1,3,2012,259.0
0.62,3,0,1,0.38,16,3,2,2011,146.0
0.71,2,0,4,0.34,19,5,11,2011,154.0
0.78,3,0,3,0.62,21,6,8,2012,140.0
0.64,1,0,3,0.6,6,3,6,2011,122.0
0.5,1,0,2,0.42,1,1,4,2012,10.0
0.69,1,0,3,0.66,22,0,8,2011,139.0
0.65,2,0,3,0.68,10,4,9,2012,272.0
0.58,1,0,3,0.76,12,5,8,2012,592.0
0.89,3,0,3,0.64,18,2,9,2011,260.0
0.37,1,0,2,0.7,18,0,6,2011,538.0
0.24,1,0,2,0.58,16,3,5,2011,283.0
0.86,3,0,1,0.16,4,5,1,2012,-0.0
0.88,2,0,4,0.62,2,0,9,2011,14.0
0.53,1,0,3,0.86,14,0,7,2011,143.0
0.44,1,0,2,0.48,18,1,3,2011,340.0
0.7,2,0,4,0.32,3,3,12,2011,7.0
0.69,1,0,2,0.2,3,4,3,2011,3.0
0.62,1,0,3,0.74,21,6,7,2011,193.0
0.39,1,0,3,0.88,11,6,7,2012,405.0
0.39,1,0,1,0.3,11,5,2,2012,238.0
0.56,1,0,3,0.82,1,6,7,2012,98.0
0.28,1,0,1,0.3,16,2,1,2011,91.0
0.89,1,0,3,0.64,6,5,6,2012,54.0
0.83,1,0,2,0.68,3,5,6,2011,27.0
0.94,2,0,1,0.46,3,6,1,2011,3.0
0.49,1,0,4,0.32,10,0,11,2012,157.0
0.88,2,0,4,0.46,1,1,10,2011,14.0
0.47,1,0,1,0.2,6,2,1,2011,39.0
0.93,1,0,1,0.26,4,1,2,2011,1.0
0.49,1,0,1,0.34,21,4,2,2012,146.0
0.7,1,0,3,0.76,15,2,7,2011,146.0
0.43,1,0,2,0.56,2,4,6,2011,20.0
0.66,1,0,4,0.34,0,4,10,2011,40.0
0.77,1,0,2,0.54,9,5,4,2012,314.0
0.45,1,0,1,0.3,9,5,12,2011,70.0
0.66,1,0,1,0.32,21,1,1,2012,136.0
0.94,1,0,4,0.62,23,0,9,2011,86.0
0.37,1,0,1,0.38,21,4,2,2012,155.0
0.6,1,0,4,0.24,8,3,12,2012,620.0
0.39,1,0,2,0.48,22,3,5,2011,157.0
0.94,2,0,2,0.4,9,6,3,2012,173.0
0.76,2,0,4,0.34,18,5,12,2012,280.0
0.67,2,0,4,0.42,10,6,10,2012,352.0
0.78,1,0,3,0.6,5,3,9,2011,25.0
0.3,1,0,4,0.28,17,6,12,2011,197.0
0.49,2,0,1,0.3,18,6,2,2012,156.0
0.81,1,0,4,0.36,20,6,11,2011,80.0
0.54,1,0,1,0.1,1,4,1,2011,3.0
0.61,1,0,2,0.7,6,5,6,2011,26.0
0.78,2,0,2,0.62,9,2,5,2012,327.0
0.83,1,0,3,0.6,4,2,9,2011,6.0
0.49,1,0,2,0.82,15,1,5,2012,262.0
0.77,1,0,1,0.44,8,3,3,2012,575.0
0.52,2,0,4,0.28,1,3,12,2012,23.0
0.7,2,0,3,0.74,7,1,7,2011,314.0
0.53,2,0,2,0.6,16,4,5,2011,341.0
0.63,3,0,3,0.82,23,4,6,2012,134.0
0.7,1,0,2,0.74,10,1,5,2012,183.0
0.87,3,0,2,0.34,13,4,4,2011,48.0
0.89,1,0,3,0.66,0,6,9,2011,99.0
0.7,1,0,4,0.24,4,5,11,2012,9.0
0.58,1,0,3,0.76,18,0,7,2012,799.0
0.5,1,0,1,0.36,18,4,12,2011,179.0
0.62,2,1,4,0.4,11,0,10,2012,294.0
0.31,1,0,2,0.32,17,6,3,2011,149.0
0.88,1,0,2,0.58,2,0,6,2011,7.0
0.39,1,1,2,0.88,15,0,5,2011,300.0
0.82,2,0,2,0.46,0,6,4,2012,91.0
0.39,1,0,3,0.9,17,6,7,2011,267.0
0.83,2,0,4,0.52,4,1,11,2011,3.0
0.69,1,0,3,0.68,10,0,8,2011,126.0
0.41,1,0,1,0.26,10,2,2,2011,57.0
0.77,2,0,2,0.54,10,6,5,2012,385.0
0.78,1,0,2,0.64,20,4,6,2011,233.0
0.24,1,0,1,0.42,23,5,3,2012,102.0
0.5,1,0,2,0.66,23,6,4,2012,125.0
0.83,2,0,2,0.58,23,6,5,2011,83.0
0.94,3,0,4,0.52,12,2,10,2011,87.0
0.69,1,0,2,0.62,14,2,5,2012,226.0
0.55,1,0,1,0.52,22,2,3,2012,165.0
0.94,2,0,4,0.6,7,2,10,2012,447.0
0.44,1,0,2,0.84,21,2,6,2012,342.0
1.0,3,0,4,0.44,12,2,12,2011,44.0
0.5,2,0,2,0.64,22,0,4,2011,103.0
0.48,1,0,2,0.52,4,4,6,2011,11.0
0.81,1,0,4,0.26,4,5,12,2012,16.0
0.94,3,0,2,0.54,4,1,5,2011,9.0
0.83,1,1,3,0.64,0,0,7,2011,107.0
0.89,3,0,3,0.66,22,3,7,2012,178.0
0.5,1,0,2,0.4,0,0,4,2011,17.0
0.61,1,0,1,0.28,4,2,3,2012,7.0
0.88,2,0,4,0.42,19,0,12,2012,376.0
0.83,1,0,3,0.62,1,5,8,2011,79.0
0.43,1,0,1,0.14,11,6,1,2011,82.0
0.47,1,0,2,0.46,9,0,3,2012,300.0
0.79,1,0,3,0.74,0,4,7,2011,55.0
0.29,1,0,2,0.62,13,1,4,2012,295.0
0.63,1,0,3,0.52,6,2,9,2012,184.0
0.89,2,0,3,0.66,19,5,8,2012,239.0
0.45,1,0,3,0.72,12,1,8,2012,313.0
0.88,1,0,4,0.46,0,6,10,2011,89.0
0.74,2,0,3,0.7,16,5,8,2011,321.0
0.68,1,0,4,0.52,20,1,10,2011,243.0
0.45,1,0,4,0.32,16,3,12,2011,214.0
0.52,1,0,1,0.3,22,4,3,2011,47.0
0.73,2,0,2,0.6,16,0,6,2012,379.0
0.44,2,1,1,0.2,1,0,1,2011,3.0
0.41,2,0,1,0.66,13,3,3,2012,251.0
0.32,1,0,1,0.42,15,0,2,2012,174.0
0.59,2,0,2,0.48,4,3,4,2012,6.0
0.43,1,0,1,0.4,18,6,3,2011,145.0
0.4,1,0,1,0.38,8,0,2,2011,229.0
0.66,1,0,2,0.4,3,6,4,2011,19.0
0.25,1,0,3,0.9,13,1,7,2012,307.0
0.46,1,1,1,0.14,2,0,1,2012,5.0
0.82,3,0,2,0.5,3,1,6,2012,-4.0
0.88,1,0,4,0.42,3,1,12,2012,11.0
0.35,1,0,3,0.92,17,3,7,2012,696.0
0.55,1,0,1,0.22,23,2,2,2011,24.0
0.81,3,0,1,0.36,17,4,3,2012,277.0
0.54,1,0,1,0.4,14,4,12,2011,146.0
0.94,2,0,3,0.64,3,6,8,2011,20.0
0.47,1,0,2,0.46,5,4,4,2011,14.0
0.88,2,0,3,0.6,5,0,8,2011,16.0
0.74,1,0,3,0.66,4,1,8,2011,6.0
0.25,1,0,1,0.34,16,2,2,2011,100.0
0.5,1,0,3,0.9,18,3,7,2011,440.0
0.57,1,0,1,0.32,19,6,12,2011,31.0
0.31,1,0,2,0.46,11,1,4,2012,223.0
0.55,1,0,3,0.8,19,3,8,2012,578.0
0.93,2,0,2,0.34,10,2,5,2011,45.0
0.51,2,0,3,0.74,7,2,8,2011,298.0
0.52,1,0,2,0.82,14,1,5,2012,242.0
0.88,2,0,2,0.5,3,4,5,2011,18.0
0.68,1,0,2,0.52,7,6,5,2012,72.0
0.69,1,0,2,0.64,1,3,5,2012,11.0
0.94,3,0,4,0.58,11,1,10,2012,104.0
0.41,2,0,2,0.62,15,2,3,2012,272.0
0.48,1,0,4,0.28,20,4,11,2011,143.0
0.8,1,0,4,0.22,3,4,12,2011,10.0
0.37,1,0,2,0.72,16,4,6,2012,537.0
0.55,2,0,3,0.74,15,0,6,2011,180.0
0.77,1,0,2,0.48,5,2,6,2012,40.0
0.69,1,0,3,0.68,23,2,8,2011,98.0
0.7,1,0,1,0.28,2,2,1,2012,9.0
0.61,3,0,2,0.34,9,4,4,2011,137.0
0.52,1,0,2,0.56,22,1,6,2012,221.0
0.87,2,0,1,0.24,3,3,12,2012,0.0
0.7,2,0,4,0.26,5,2,11,2012,34.0
0.87,1,1,4,0.4,7,0,11,2012,182.0
0.45,1,0,1,0.3,18,6,12,2012,102.0
0.44,1,0,2,0.68,22,6,4,2012,180.0
0.57,1,0,2,0.64,9,5,6,2012,338.0
0.4,1,0,4,0.4,16,5,11,2012,457.0
0.53,2,0,4,0.34,11,4,11,2012,208.0
0.83,2,0,4,0.56,3,4,10,2012,10.0
0.77,2,0,4,0.48,22,1,10,2012,162.0
0.4,1,0,4,0.38,17,5,11,2012,391.0
0.35,1,0,1,0.42,21,4,2,2012,148.0
0.7,1,0,3,0.74,10,5,9,2012,440.0
0.52,1,1,1,0.26,18,0,1,2012,155.0
0.84,1,0,3,0.72,19,5,7,2012,297.0
1.0,2,0,4,0.44,4,2,11,2011,0.0
0.63,1,0,1,0.46,23,2,2,2012,77.0
0.62,1,0,4,0.44,10,1,11,2011,151.0
0.7,1,0,3,0.76,22,4,8,2012,251.0
0.93,3,0,1,0.32,20,2,1,2012,64.0
0.52,1,0,4,0.3,23,1,12,2012,97.0
0.62,1,0,4,0.4,8,4,10,2011,398.0
0.73,2,0,3,0.64,20,6,8,2012,258.0
0.59,1,0,1,0.14,0,3,1,2011,9.0
0.54,1,0,3,0.7,13,4,7,2011,246.0
0.72,1,0,4,0.5,1,4,12,2011,26.0
0.4,1,0,1,0.2,17,3,2,2011,172.0
0.6,1,0,1,0.24,20,3,12,2012,125.0
0.48,1,0,2,0.48,0,2,4,2012,42.0
0.63,1,0,3,0.82,0,4,7,2011,70.0
0.58,2,0,3,0.74,19,1,6,2011,386.0
1.0,3,0,1,0.34,17,6,3,2011,68.0
0.54,1,0,4,0.44,0,6,10,2012,146.0
0.78,1,0,2,0.66,23,6,6,2011,88.0
0.66,1,0,3,0.74,10,4,8,2011,155.0
0.82,2,0,2,0.42,20,1,4,2011,122.0
0.51,2,0,3,0.72,9,4,7,2012,340.0
0.83,3,0,3,0.66,20,6,7,2011,154.0
0.39,1,0,3,0.7,12,1,8,2011,222.0
0.88,2,0,2,0.62,4,2,5,2012,3.0
0.87,3,0,4,0.34,2,6,10,2011,47.0
0.58,2,0,2,0.72,11,6,6,2011,354.0
0.68,1,0,4,0.56,22,3,9,2011,148.0
0.73,1,0,2,0.64,14,6,5,2011,377.0
0.46,1,0,4,0.36,14,5,12,2011,287.0
0.89,2,0,3,0.68,4,3,8,2011,4.0
0.55,1,0,4,0.48,18,1,11,2011,396.0
0.3,1,0,2,0.74,15,3,6,2012,303.0
0.75,1,0,4,0.24,3,4,11,2012,1.0
0.52,1,0,3,0.82,21,1,7,2012,352.0
0.88,2,0,3,0.54,5,1,9,2011,18.0
0.47,1,0,1,0.2,19,0,1,2011,104.0
0.54,2,0,1,0.12,6,3,2,2011,40.0
0.7,2,0,3,0.74,13,2,7,2011,124.0
0.72,2,0,4,0.44,10,6,11,2011,203.0
0.78,1,0,2,0.6,3,2,5,2012,6.0
0.94,3,0,3,0.62,3,3,9,2011,-5.0
0.58,1,0,3,0.7,9,4,8,2012,360.0
0.45,1,1,4,0.28,7,4,11,2011,91.0
0.31,1,0,4,0.34,17,2,11,2012,551.0
0.64,2,0,4,0.54,14,0,10,2011,140.0
0.44,1,0,1,0.42,9,5,3,2011,119.0
0.35,1,0,1,0.4,17,6,3,2011,166.0
0.7,1,0,4,0.24,5,5,11,2012,12.0
0.79,1,0,2,0.7,0,2,6,2011,40.0
0.48,2,0,3,0.72,0,5,7,2012,164.0
0.35,3,0,2,0.6,14,5,5,2011,380.0
0.63,1,0,4,0.52,22,3,12,2011,137.0
0.93,2,0,1,0.28,7,4,2,2012,219.0
0.71,1,0,4,0.62,8,3,9,2012,742.0
0.57,2,1,1,0.32,9,0,2,2011,56.0
0.36,1,0,3,0.84,10,6,7,2011,275.0
0.3,1,0,1,0.26,23,2,3,2011,32.0
0.25,1,0,1,0.34,18,0,2,2012,376.0
0.44,1,0,3,0.84,19,5,6,2012,359.0
1.0,2,0,1,0.3,0,1,1,2012,22.0
0.69,1,0,3,0.64,9,1,9,2011,206.0
0.52,1,0,1,0.26,14,1,1,2011,66.0
0.36,1,0,3,0.82,18,5,7,2011,354.0
0.61,1,0,4,0.32,10,6,10,2011,196.0
1.0,2,0,1,0.34,0,4,3,2011,2.0
0.3,1,0,1,0.44,20,5,3,2012,181.0
0.83,3,0,4,0.66,18,2,9,2011,481.0
0.93,2,0,1,0.26,2,1,2,2011,1.0
0.69,2,0,3,0.66,12,3,9,2011,193.0
0.82,2,0,4,0.4,19,6,12,2012,185.0
0.37,1,0,4,0.74,14,4,10,2012,412.0
0.65,1,0,4,0.26,1,5,12,2011,50.0
0.83,1,0,3,0.64,23,2,8,2012,140.0
0.66,2,0,1,0.34,20,4,12,2011,82.0
0.38,1,0,1,0.24,15,5,1,2012,191.0
0.53,1,0,2,0.34,5,4,4,2011,8.0
0.52,1,0,4,0.3,2,5,11,2011,34.0
0.42,1,0,4,0.34,22,3,11,2012,144.0
0.82,2,0,4,0.4,18,1,11,2011,327.0
0.87,1,0,4,0.38,21,6,10,2012,84.0
0.5,1,0,1,0.38,1,0,3,2012,13.0
0.62,1,0,3,0.72,19,0,6,2011,387.0
0.69,1,0,4,0.22,9,0,12,2011,198.0
0.49,1,0,1,0.1,8,6,1,2011,-2.0
0.87,2,1,1,0.24,8,1,12,2012,84.0
0.9,1,0,2,0.54,5,2,5,2012,22.0
0.52,1,0,3,0.78,18,0,8,2012,822.0
0.65,3,0,1,0.26,21,6,2,2012,94.0
0.6,1,0,4,0.6,17,1,10,2011,595.0
0.55,1,0,3,0.8,22,1,7,2012,274.0
0.61,1,0,2,0.62,20,5,5,2011,245.0
0.49,1,0,1,0.32,1,5,2,2012,44.0
0.47,1,0,2,0.44,3,4,4,2012,5.0
0.83,1,0,2,0.64,0,5,5,2012,149.0
0.47,1,0,1,0.2,9,0,1,2012,207.0
0.81,2,0,4,0.3,0,2,10,2012,28.0
0.65,1,0,4,0.3,4,4,10,2011,7.0
0.48,1,0,1,0.26,8,5,2,2012,89.0
0.73,2,0,2,0.62,19,5,5,2012,340.0
0.79,1,0,3,0.68,1,1,7,2012,25.0
0.58,3,0,3,0.74,10,2,8,2011,123.0
0.56,1,0,2,0.56,1,4,6,2012,34.0
0.93,2,0,1,0.28,4,4,2,2012,6.0
0.59,1,0,3,0.8,19,1,7,2011,367.0
0.83,1,0,3,0.68,4,2,7,2011,10.0
0.93,3,0,1,0.22,15,2,1,2011,19.0
0.73,1,0,4,0.56,20,6,10,2011,191.0
0.57,1,0,4,0.36,12,4,12,2011,198.0
0.5,1,0,4,0.64,18,6,10,2011,338.0
0.94,1,1,3,0.66,6,0,9,2012,12.0
0.38,1,0,1,0.28,17,2,12,2011,213.0
0.59,1,0,3,0.82,21,4,7,2011,177.0
0.52,1,0,3,0.8,6,5,7,2011,23.0
0.66,2,0,1,0.36,13,6,1,2011,129.0
0.77,1,0,3,0.46,6,1,9,2012,182.0
0.84,1,0,3,0.72,20,5,7,2012,275.0
0.65,1,0,3,0.7,9,4,8,2011,229.0
0.71,1,0,1,0.38,4,5,12,2011,2.0
0.78,1,0,2,0.6,0,2,5,2012,60.0
0.75,1,0,4,0.24,9,4,11,2012,209.0
0.72,1,0,4,0.5,0,3,10,2011,43.0
0.66,1,0,4,0.36,0,0,11,2012,37.0
0.49,2,0,1,0.34,19,4,12,2011,111.0
0.94,2,0,3,0.66,5,0,7,2012,26.0
0.55,1,0,1,0.2,6,2,2,2011,44.0
0.47,2,0,4,0.66,13,4,9,2011,273.0
0.49,1,0,1,0.3,11,3,1,2012,123.0
0.61,1,0,2,0.66,9,2,4,2011,198.0
0.75,2,0,1,0.3,5,3,1,2012,20.0
0.63,1,0,2,0.46,21,3,4,2011,144.0
0.74,3,0,3,0.66,17,2,9,2011,468.0
0.7,2,0,3,0.74,20,1,8,2012,402.0
0.52,2,0,3,0.76,15,3,6,2011,183.0
0.65,1,0,1,0.3,22,0,2,2012,95.0
0.79,1,0,3,0.7,4,5,7,2012,14.0
0.59,1,0,3,0.8,23,5,7,2011,119.0
0.61,2,0,2,0.7,15,1,5,2012,240.0
0.82,2,0,2,0.42,4,1,3,2011,-2.0
0.65,1,0,3,0.66,21,0,8,2011,206.0
0.23,1,0,1,0.24,15,3,3,2011,74.0
0.48,2,0,3,0.76,15,4,8,2012,369.0
0.87,2,0,4,0.36,10,6,12,2012,286.0
0.72,1,0,2,0.44,6,5,5,2012,33.0
